episode,steps,total_steps,return,status,on_pad,fuel,epsilon,loss_mean,q_mean,return_avg100,pad_rate100,seconds
1,117,117,-146.59,crashed,0,9.54,0.9978,,0.014,-146.59,0.0,0.0
2,105,222,-151.32,crashed,0,8.49,0.9958,,0.016,-148.95,0.0,0.0
3,100,322,-127.63,crashed,0,7.59,0.9939,,0.009,-141.85,0.0,0.0
4,115,437,-118.83,crashed,0,10.02,0.9917,,0.016,-136.09,0.0,0.0
5,121,558,-178.78,crashed,0,10.32,0.9894,,0.014,-144.63,0.0,0.0
6,108,666,-96.37,crashed,0,8.97,0.9873,,0.012,-136.59,0.0,0.0
7,125,791,-162.64,crashed,0,12.63,0.985,,0.022,-140.31,0.0,0.0
8,107,898,-129.68,crashed,0,8.7,0.9829,,0.02,-138.98,0.0,0.0
9,107,1005,-168.1,crashed,0,9.42,0.9809,1.3701,0.01,-142.22,0.0,0.0
10,121,1126,-71.93,crashed,0,10.86,0.9786,1.2648,-0.085,-135.19,0.0,0.1
11,116,1242,-124.72,crashed,0,9.87,0.9764,1.1486,-0.325,-134.24,0.0,0.1
12,113,1355,-106.49,crashed,0,9.99,0.9743,0.5656,-0.401,-131.92,0.0,0.1
13,115,1470,-89.95,crashed,0,9.24,0.9721,0.5398,-0.353,-128.7,0.0,0.2
14,103,1573,-98.26,crashed,0,8.19,0.9701,0.763,-0.295,-126.52,0.0,0.2
15,117,1690,-70.56,crashed,0,12.09,0.9679,1.2642,-0.265,-122.79,0.0,0.2
16,118,1808,-157.97,crashed,0,12.36,0.9656,0.9775,-0.233,-124.99,0.0,0.3
17,127,1935,-199.82,crashed,0,14.34,0.9632,0.9984,-0.301,-129.39,0.0,0.3
18,143,2078,-113.58,crashed,0,15.75,0.9605,1.101,-0.066,-128.51,0.0,0.3
19,113,2191,-132.45,crashed,0,9.36,0.9584,1.031,1.302,-128.72,0.0,0.3
20,135,2326,-196.89,crashed,0,13.44,0.9558,0.6694,0.962,-132.13,0.0,0.4
21,115,2441,-130.38,crashed,0,10.41,0.9536,0.718,1.369,-132.05,0.0,0.4
22,103,2544,-201.12,crashed,0,10.59,0.9517,1.0134,0.658,-135.19,0.0,0.4
23,124,2668,-151.46,crashed,0,11.76,0.9493,0.5706,0.617,-135.89,0.0,0.5
24,117,2785,-156.28,crashed,0,10.17,0.9471,0.7172,1.127,-136.74,0.0,0.5
25,145,2930,-70.9,crashed,0,14.37,0.9443,0.7199,1.208,-134.11,0.0,0.5
26,133,3063,-58.78,crashed,0,16.59,0.9418,0.8605,1.54,-131.21,0.0,0.6
27,130,3193,-67.84,crashed,0,12.99,0.9393,1.0704,3.034,-128.86,0.0,0.6
28,127,3320,-171.4,crashed,0,13.11,0.9369,0.5055,1.928,-130.38,0.0,0.6
29,121,3441,-215.1,crashed,0,13.89,0.9346,0.8288,0.104,-133.31,0.0,0.7
30,132,3573,-184.71,crashed,0,13.23,0.9321,0.678,1.263,-135.02,0.0,0.7
31,120,3693,-49.27,crashed,0,10.86,0.9298,0.8643,2.845,-132.25,0.0,0.7
32,159,3852,-127.09,crashed,0,17.49,0.9268,0.488,2.941,-132.09,0.0,0.8
33,158,4010,-215.05,crashed,0,16.41,0.9238,0.599,0.357,-134.6,0.0,0.8
34,123,4133,-119.57,crashed,0,12.33,0.9215,0.9627,3.976,-134.16,0.0,0.9
35,145,4278,-112.82,crashed,0,15.33,0.9187,0.744,4.246,-133.55,0.0,0.9
36,121,4399,-176.49,crashed,0,12.84,0.9164,0.5069,3.1,-134.75,0.0,0.9
37,136,4535,-131.3,crashed,0,15.48,0.9138,0.9597,2.104,-134.65,0.0,1.0
38,140,4675,-119.27,crashed,0,15.81,0.9112,0.5681,4.455,-134.25,0.0,1.0
39,131,4806,-114.54,crashed,0,15.39,0.9087,0.9463,3.955,-133.74,0.0,1.1
40,114,4920,-73.87,crashed,0,11.07,0.9065,0.9756,5.72,-132.25,0.0,1.1
41,122,5042,-122.43,crashed,0,14.13,0.9042,1.1154,4.964,-132.01,0.0,1.1
42,137,5179,-112.09,crashed,0,14.91,0.9016,1.0303,5.494,-131.53,0.0,1.2
43,121,5300,-166.77,crashed,0,13.11,0.8993,0.7044,1.721,-132.35,0.0,1.2
44,154,5454,-198.71,crashed,0,17.49,0.8964,0.6498,2.804,-133.86,0.0,1.2
45,155,5609,-142.35,crashed,0,18.36,0.8934,0.6973,3.501,-134.05,0.0,1.3
46,141,5750,-124.98,crashed,0,17.28,0.8908,1.0344,5.541,-133.85,0.0,1.3
47,168,5918,-106.7,crashed,0,17.94,0.8876,0.7044,4.465,-133.27,0.0,1.4
48,119,6037,-255.45,crashed,0,12.27,0.8853,0.7571,2.809,-135.82,0.0,1.4
49,128,6165,-131.87,crashed,0,12.69,0.8829,1.0309,7.19,-135.74,0.0,1.4
50,148,6313,-188.33,crashed,0,16.77,0.8801,0.6952,2.224,-136.79,0.0,1.5
51,109,6422,-215.12,crashed,0,9.87,0.878,0.7714,3.236,-138.33,0.0,1.6
52,174,6596,-180.85,crashed,0,21.42,0.8747,0.7444,2.682,-139.14,0.0,1.7
53,126,6722,-87.03,crashed,0,13.23,0.8723,0.6639,8.437,-138.16,0.0,1.7
54,142,6864,-70.8,crashed,0,17.28,0.8696,0.9089,8.226,-136.91,0.0,1.8
55,131,6995,-204.57,crashed,0,13.62,0.8671,0.5289,1.103,-138.14,0.0,1.8
56,132,7127,-166.3,crashed,0,14.1,0.8646,0.8608,1.65,-138.65,0.0,1.8
57,153,7280,-168.76,crashed,0,17.7,0.8617,0.7235,1.43,-139.17,0.0,1.9
58,164,7444,-95.09,crashed,0,22.5,0.8586,0.7369,4.237,-138.41,0.0,1.9
59,131,7575,-202.0,crashed,0,13.2,0.8561,0.408,4.667,-139.49,0.0,2.0
60,132,7707,-86.48,crashed,0,12.39,0.8536,0.8594,10.773,-138.61,0.0,2.0
61,183,7890,-176.51,crashed,0,24.96,0.8501,0.5249,3.725,-139.23,0.0,2.1
62,139,8029,-183.5,crashed,0,13.68,0.8474,0.6659,2.093,-139.94,0.0,2.1
63,175,8204,-175.17,crashed,0,21.72,0.8441,0.8151,4.07,-140.5,0.0,2.1
64,151,8355,-121.31,crashed,0,18.75,0.8413,0.7145,7.227,-140.2,0.0,2.2
65,157,8512,-122.97,crashed,0,20.19,0.8383,0.4593,9.322,-139.94,0.0,2.2
66,139,8651,-164.53,crashed,0,13.83,0.8356,0.7226,4.34,-140.31,0.0,2.3
67,170,8821,-211.64,crashed,0,21.39,0.8324,0.88,1.325,-141.38,0.0,2.3
68,175,8996,-132.27,crashed,0,25.35,0.8291,0.3925,5.09,-141.24,0.0,2.4
69,161,9157,-60.56,crashed,0,22.29,0.826,0.8527,9.883,-140.07,0.0,2.4
70,204,9361,-68.78,crashed,0,28.92,0.8221,0.4712,9.008,-139.05,0.0,2.5
71,187,9548,-162.95,crashed,0,25.02,0.8186,0.7323,3.455,-139.39,0.0,2.5
72,142,9690,-49.74,crashed,0,17.1,0.8159,0.4535,13.192,-138.14,0.0,2.6
73,129,9819,-124.61,crashed,0,16.29,0.8134,0.7269,7.833,-137.96,0.0,2.6
74,142,9961,-188.86,crashed,0,17.01,0.8107,0.6302,1.89,-138.65,0.0,2.6
75,132,10093,-174.98,crashed,0,14.46,0.8082,1.0382,5.683,-139.13,0.0,2.7
76,148,10241,-74.73,crashed,0,17.58,0.8054,0.6627,12.05,-138.28,0.0,2.7
77,166,10407,-95.52,crashed,0,22.95,0.8023,0.5341,5.606,-137.73,0.0,2.8
78,177,10584,-174.34,crashed,0,22.8,0.7989,0.5529,1.698,-138.2,0.0,2.9
79,174,10758,-114.04,crashed,0,22.35,0.7956,0.629,6.891,-137.89,0.0,2.9
80,143,10901,-103.55,crashed,0,19.68,0.7929,0.543,6.054,-137.46,0.0,3.0
81,152,11053,-79.92,crashed,0,18.42,0.79,0.6823,11.315,-136.75,0.0,3.0
82,142,11195,-173.04,crashed,0,15.6,0.7873,0.4875,3.968,-137.2,0.0,3.0
83,166,11361,-150.02,crashed,0,20.7,0.7841,0.6061,4.373,-137.35,0.0,3.1
84,128,11489,-209.52,crashed,0,13.74,0.7817,0.5919,-2.006,-138.21,0.0,3.1
85,198,11687,-78.37,crashed,0,27.69,0.7779,0.6472,11.369,-137.5,0.0,3.2
86,149,11836,-78.38,crashed,0,19.29,0.7751,0.7005,13.443,-136.82,0.0,3.2
87,141,11977,-194.8,crashed,0,15.93,0.7724,0.6091,3.847,-137.48,0.0,3.3
88,163,12140,-117.53,crashed,0,21.51,0.7693,0.8749,7.795,-137.26,0.0,3.3
89,215,12355,-97.24,crashed,0,32.46,0.7653,0.595,10.201,-136.81,0.0,3.4
90,138,12493,-137.78,crashed,0,17.28,0.7626,0.3865,6.977,-136.82,0.0,3.4
91,213,12706,-62.47,crashed,0,30.72,0.7586,0.5292,12.055,-136.0,0.0,3.5
92,162,12868,-125.15,crashed,0,22.59,0.7555,0.7663,8.325,-135.88,0.0,3.5
93,160,13028,-48.27,crashed,0,20.97,0.7525,0.7868,17.0,-134.94,0.0,3.6
94,178,13206,-174.11,crashed,0,25.62,0.7491,0.642,4.072,-135.36,0.0,3.6
95,127,13333,-156.43,crashed,0,14.19,0.7467,0.7262,4.202,-135.58,0.0,3.7
96,184,13517,-148.22,crashed,0,25.05,0.7432,0.6164,6.415,-135.71,0.0,3.7
97,172,13689,-180.83,crashed,0,21.24,0.7399,0.5434,8.302,-136.18,0.0,3.8
98,194,13883,-144.04,crashed,0,26.61,0.7362,0.4823,8.052,-136.26,0.0,3.8
99,167,14050,-121.66,crashed,0,22.14,0.733,0.551,10.061,-136.11,0.0,3.9
100,177,14227,-111.86,crashed,0,26.34,0.7297,0.6729,9.555,-135.87,0.0,3.9
101,253,14480,-101.06,crashed,0,39.39,0.7249,0.5113,9.608,-135.41,0.0,4.8
102,182,14662,-135.6,crashed,0,26.28,0.7214,0.5967,8.213,-135.25,0.0,4.8
103,153,14815,-163.53,crashed,0,19.14,0.7185,0.5835,6.119,-135.61,0.0,4.9
104,212,15027,-105.49,crashed,0,31.26,0.7145,0.4842,9.386,-135.48,0.0,4.9
105,153,15180,-84.6,crashed,0,21.21,0.7116,0.7428,10.238,-134.54,0.0,5.0
106,158,15338,-131.63,crashed,0,20.13,0.7086,0.5123,11.703,-134.89,0.0,5.0
107,149,15487,-137.72,crashed,0,17.64,0.7057,0.3674,6.349,-134.64,0.0,5.1
108,174,15661,-177.97,crashed,0,21.75,0.7024,0.5968,2.668,-135.12,0.0,5.1
109,196,15857,-89.1,crashed,0,29.61,0.6987,0.5886,12.408,-134.33,0.0,5.2
110,155,16012,-113.09,crashed,0,20.64,0.6958,0.6641,10.745,-134.75,0.0,5.2
111,244,16256,-110.38,crashed,0,35.76,0.6911,0.652,8.072,-134.6,0.0,5.3
112,158,16414,-163.2,crashed,0,19.86,0.6881,0.6529,8.605,-135.17,0.0,5.3
113,209,16623,-53.34,crashed,0,33.27,0.6842,0.5268,13.309,-134.8,0.0,5.4
114,162,16785,-69.1,crashed,0,22.17,0.6811,0.2667,17.308,-134.51,0.0,5.4
115,154,16939,-182.55,crashed,0,17.73,0.6782,0.5397,-0.221,-135.63,0.0,5.5
116,146,17085,-100.05,crashed,0,17.85,0.6754,0.6659,9.361,-135.05,0.0,5.5
117,308,17393,-105.53,crashed,0,48.72,0.6695,0.6665,9.143,-134.11,0.0,5.6
118,120,17513,-167.85,crashed,0,13.2,0.6673,0.6933,4.498,-134.65,0.0,5.7
119,164,17677,-70.22,crashed,0,23.49,0.6641,0.539,12.448,-134.03,0.0,5.7
120,259,17936,-92.7,crashed,0,42.18,0.6592,0.3765,12.024,-132.99,0.0,5.8
121,177,18113,-119.65,crashed,0,23.49,0.6559,0.5601,14.928,-132.88,0.0,5.8
122,239,18352,-67.15,crashed,0,37.2,0.6513,0.598,15.438,-131.54,0.0,5.9
123,153,18505,-174.41,crashed,0,18.9,0.6484,0.6436,3.139,-131.77,0.0,5.9
124,160,18665,-135.06,crashed,0,21.12,0.6454,0.3893,12.424,-131.56,0.0,6.0
125,132,18797,-120.7,crashed,0,13.95,0.6429,0.5144,14.222,-132.06,0.0,6.0
126,180,18977,-130.19,crashed,0,23.07,0.6394,0.428,7.134,-132.77,0.0,6.1
127,195,19172,-111.51,crashed,0,26.79,0.6357,1.018,10.078,-133.21,0.0,6.1
128,217,19389,-130.96,crashed,0,30.45,0.6316,0.3348,10.913,-132.8,0.0,6.2
129,186,19575,-49.28,crashed,0,28.86,0.6281,0.5082,15.247,-131.14,0.0,6.3
130,160,19735,-51.54,crashed,0,20.01,0.625,0.3931,21.401,-129.81,0.0,6.3
131,152,19887,-0.5,crashed,0,23.46,0.6221,0.3008,18.717,-129.33,0.0,6.4
132,489,20376,-325.33,crashed,0,83.1,0.6129,0.5956,2.493,-131.31,0.0,6.5
133,276,20652,-200.05,crashed,0,43.89,0.6076,0.4695,1.853,-131.16,0.0,6.6
134,168,20820,-113.81,crashed,0,22.62,0.6044,0.576,12.007,-131.1,0.0,6.6
135,301,21121,-122.8,crashed,0,48.99,0.5987,0.5174,4.264,-131.2,0.0,6.7
136,218,21339,-135.21,crashed,0,31.68,0.5946,0.4463,10.652,-130.79,0.0,6.8
137,294,21633,-84.63,crashed,0,46.23,0.589,0.4466,11.077,-130.32,0.0,6.9
138,190,21823,-49.5,crashed,0,27.81,0.5854,0.4915,15.799,-129.62,0.0,6.9
139,1000,22823,-22.35,timeout,0,150.6,0.5664,0.5584,-3.546,-128.7,0.0,7.2
140,799,23622,29.74,landed_off_pad,0,82.71,0.5512,0.4828,-7.745,-127.66,0.0,7.4
141,284,23906,120.84,landed_off_pad,0,31.86,0.5458,0.4068,4.742,-125.23,0.0,7.5
142,368,24274,235.84,landed_on_pad,1,53.25,0.5388,0.5863,2.28,-121.75,0.01,7.6
143,568,24842,220.74,landed_on_pad,1,57.63,0.528,0.433,-0.184,-117.88,0.02,7.8
144,148,24990,-100.58,crashed,0,21.39,0.5252,0.392,12.521,-116.9,0.02,7.9
145,443,25433,234.88,landed_on_pad,1,50.49,0.5168,0.501,2.471,-113.12,0.03,8.0
146,126,25559,-62.53,crashed,0,15.45,0.5144,0.6734,21.858,-112.5,0.03,8.0
147,799,26358,-323.05,crashed,0,126.45,0.4992,0.4964,2.664,-114.66,0.03,8.3
148,198,26556,-67.26,crashed,0,31.62,0.4954,0.4375,17.451,-112.78,0.03,8.3
149,155,26711,-43.48,crashed,0,23.01,0.4925,0.3833,21.917,-111.9,0.03,8.4
150,210,26921,-102.29,crashed,0,28.92,0.4885,0.4102,12.413,-111.04,0.03,8.4
151,169,27090,-119.73,crashed,0,22.53,0.4853,0.6124,8.825,-110.08,0.03,9.3
152,1000,28090,-76.37,timeout,0,176.79,0.4663,0.4919,8.972,-109.04,0.03,9.6
153,141,28231,-52.55,crashed,0,20.4,0.4636,0.2916,19.904,-108.69,0.03,9.6
154,308,28539,247.36,landed_on_pad,1,38.31,0.4578,0.5011,12.021,-105.51,0.04,9.7
155,493,29032,184.61,landed_on_pad,1,64.98,0.4484,0.4097,6.37,-101.62,0.05,9.9
156,1000,30032,-76.53,timeout,0,176.91,0.4294,0.4677,9.613,-100.72,0.05,10.2
157,1000,31032,-34.93,timeout,0,175.2,0.4104,0.4335,5.058,-99.38,0.05,10.5
158,1000,32032,-29.69,timeout,0,176.61,0.3914,0.435,6.006,-98.73,0.05,10.8
159,1000,33032,-106.87,timeout,0,175.62,0.3724,0.427,10.092,-97.78,0.05,11.1
160,659,33691,54.09,landed_off_pad,0,95.79,0.3599,0.3737,2.529,-96.37,0.05,11.3
161,567,34258,79.34,landed_off_pad,0,85.98,0.3491,0.4591,9.363,-93.81,0.05,11.5
162,1000,35258,-45.54,timeout,0,175.74,0.3301,0.435,9.783,-92.43,0.05,11.8
163,1000,36258,-81.81,timeout,0,175.59,0.3111,0.39,9.797,-91.5,0.05,12.1
164,1000,37258,-61.45,timeout,0,174.78,0.2921,0.3749,8.348,-90.9,0.05,12.4
165,1000,38258,-133.1,timeout,0,175.68,0.2731,0.3041,11.387,-91.0,0.05,12.7
166,1000,39258,-89.87,timeout,0,175.83,0.2541,0.3324,10.54,-90.26,0.05,13.1
167,1000,40258,-121.35,timeout,0,174.12,0.2351,0.3454,11.614,-89.35,0.05,13.4
168,1000,41258,-62.97,timeout,0,174.6,0.2161,0.3655,6.333,-88.66,0.05,13.7
169,1000,42258,-106.57,timeout,0,174.09,0.1971,0.3244,10.845,-89.12,0.05,14.0
170,1000,43258,-106.93,timeout,0,170.7,0.1781,0.3549,9.84,-89.5,0.05,14.3
171,1000,44258,-111.35,timeout,0,173.67,0.1591,0.3027,9.731,-88.99,0.05,14.6
172,1000,45258,-97.71,timeout,0,172.29,0.1401,0.3361,7.002,-89.47,0.05,15.0
173,1000,46258,-105.99,timeout,0,169.8,0.1211,0.3269,11.234,-89.28,0.05,15.3
174,1000,47258,-115.63,timeout,0,174.69,0.1021,0.3093,5.732,-88.55,0.05,15.6
175,1000,48258,-29.66,timeout,0,169.8,0.0831,0.2919,6.994,-87.09,0.05,16.0
176,1000,49258,-94.42,timeout,0,169.2,0.0641,0.2672,9.495,-87.29,0.05,16.3
177,1000,50258,-135.36,timeout,0,172.35,0.05,0.3216,8.974,-87.69,0.05,16.6
178,1000,51258,-76.92,timeout,0,170.4,0.05,0.2869,4.425,-86.72,0.05,16.9
179,1000,52258,-93.53,timeout,0,169.59,0.05,0.2727,9.028,-86.51,0.05,17.2
180,1000,53258,-129.04,timeout,0,173.28,0.05,0.2614,9.661,-86.77,0.05,17.6
181,1000,54258,-72.38,timeout,0,170.49,0.05,0.274,9.541,-86.69,0.05,17.9
182,1000,55258,-129.82,timeout,0,169.17,0.05,0.2712,8.653,-86.26,0.05,18.2
183,1000,56258,-46.26,timeout,0,169.71,0.05,0.2548,8.986,-85.22,0.05,18.5
184,1000,57258,-29.48,timeout,0,171.39,0.05,0.2819,6.497,-83.42,0.05,18.8
185,1000,58258,-147.82,timeout,0,170.64,0.05,0.2677,6.712,-84.11,0.05,19.2
186,1000,59258,-99.16,timeout,0,173.28,0.05,0.2457,3.7,-84.32,0.05,19.5
187,1000,60258,-18.72,timeout,0,173.55,0.05,0.2446,6.486,-82.56,0.05,19.8
188,1000,61258,-99.2,timeout,0,173.67,0.05,0.2489,0.981,-82.38,0.05,20.1
189,833,62091,-247.88,out_of_bounds,0,141.06,0.05,0.2008,5.966,-83.88,0.05,20.4
190,1000,63091,-81.07,timeout,0,174.33,0.05,0.2438,2.854,-83.32,0.05,20.7
191,1000,64091,-92.65,timeout,0,172.86,0.05,0.2616,2.332,-83.62,0.05,21.0
192,1000,65091,-61.26,timeout,0,177.66,0.05,0.2383,10.553,-82.98,0.05,21.4
193,1000,66091,-61.32,timeout,0,171.21,0.05,0.2328,0.282,-83.11,0.05,21.7
194,1000,67091,-38.21,timeout,0,172.71,0.05,0.2135,9.71,-81.75,0.05,22.0
195,1000,68091,-53.82,timeout,0,169.38,0.05,0.1834,8.226,-80.73,0.05,22.3
196,1000,69091,-56.84,timeout,0,174.45,0.05,0.2001,1.419,-79.81,0.05,22.6
197,436,69527,-186.39,out_of_bounds,0,73.92,0.05,0.2396,11.347,-79.87,0.05,22.8
198,1000,70527,-73.78,timeout,0,176.46,0.05,0.2049,4.62,-79.17,0.05,23.1
199,1000,71527,-77.53,timeout,0,179.28,0.05,0.2191,3.738,-78.72,0.05,23.4
200,1000,72527,-40.1,timeout,0,175.47,0.05,0.2458,9.398,-78.01,0.05,23.7
201,746,73273,-220.58,out_of_bounds,0,129.18,0.05,0.2155,9.818,-79.2,0.05,24.6
202,1000,74273,-89.91,timeout,0,177.03,0.05,0.1997,2.88,-78.74,0.05,24.9
203,1000,75273,-65.53,timeout,0,174.66,0.05,0.2041,8.702,-77.76,0.05,25.3
204,437,75710,-169.89,out_of_bounds,0,75.54,0.05,0.2025,14.58,-78.41,0.05,25.4
205,1000,76710,-77.47,timeout,0,176.76,0.05,0.2657,2.24,-78.34,0.05,25.7
206,1000,77710,-65.78,timeout,0,176.97,0.05,0.1996,6.959,-77.68,0.05,26.0
207,1000,78710,-76.98,timeout,0,177.51,0.05,0.173,0.793,-77.07,0.05,26.4
208,1000,79710,-92.41,timeout,0,177.93,0.05,0.2604,3.628,-76.22,0.05,26.7
209,1000,80710,-56.51,timeout,0,177.72,0.05,0.1914,2.598,-75.89,0.05,27.0
210,1000,81710,-69.8,timeout,0,177.78,0.05,0.2215,5.682,-75.46,0.05,27.3
211,1000,82710,-61.15,timeout,0,176.7,0.05,0.2477,5.818,-74.96,0.05,27.6
212,1000,83710,-37.35,timeout,0,177.33,0.05,0.1923,5.008,-73.71,0.05,28.0
213,1000,84710,-46.41,timeout,0,178.23,0.05,0.2145,6.577,-73.64,0.05,28.3
214,1000,85710,-46.05,timeout,0,178.35,0.05,0.2303,4.946,-73.41,0.05,28.6
215,1000,86710,-110.43,timeout,0,116.28,0.05,0.2232,15.713,-72.69,0.05,28.9
216,1000,87710,-11.16,timeout,0,177.78,0.05,0.1946,13.288,-71.8,0.05,29.2
217,1000,88710,-40.46,timeout,0,175.77,0.05,0.1926,7.101,-71.15,0.05,29.5
218,524,89234,-186.34,out_of_bounds,0,94.68,0.05,0.2202,13.446,-71.33,0.05,29.7
219,1000,90234,-49.57,timeout,0,177.27,0.05,0.1916,11.514,-71.12,0.05,30.0
220,1000,91234,-30.47,timeout,0,176.34,0.05,0.2347,8.845,-70.5,0.05,30.3
221,1000,92234,-46.28,timeout,0,155.43,0.05,0.2113,13.073,-69.77,0.05,30.7
222,1000,93234,-18.57,timeout,0,153.84,0.05,0.2123,13.137,-69.28,0.05,31.0
223,1000,94234,-28.03,timeout,0,148.14,0.05,0.1953,13.398,-67.82,0.05,31.3
224,1000,95234,-32.29,timeout,0,164.64,0.05,0.1995,8.01,-66.79,0.05,31.6
225,996,96230,3.33,landed_off_pad,0,155.1,0.05,0.2287,5.951,-65.55,0.05,31.9
226,1000,97230,-35.03,timeout,0,178.05,0.05,0.2622,9.612,-64.6,0.05,32.2
227,1000,98230,4.7,timeout,0,167.73,0.05,0.1993,10.855,-63.44,0.05,32.6
228,941,99171,138.41,landed_on_pad,1,161.49,0.05,0.2458,11.199,-60.74,0.06,32.9
229,919,100090,111.42,landed_on_pad,1,155.61,0.05,0.2159,12.261,-59.14,0.07,33.1
230,1000,101090,-11.7,timeout,0,178.44,0.05,0.1828,11.924,-58.74,0.07,33.5
231,1000,102090,-41.63,timeout,0,177.24,0.05,0.1995,11.134,-59.15,0.07,33.8
232,1000,103090,-32.5,timeout,0,171.27,0.05,0.2009,10.388,-56.22,0.07,34.1
233,1000,104090,-18.3,timeout,0,175.38,0.05,0.1825,9.705,-54.4,0.07,34.4
234,1000,105090,-20.22,timeout,0,174.99,0.05,0.2135,10.496,-53.47,0.07,34.7
235,1000,106090,-23.27,timeout,0,177.42,0.05,0.1772,9.288,-52.47,0.07,35.1
236,1000,107090,-24.48,timeout,0,178.02,0.05,0.1828,6.439,-51.36,0.07,35.4
237,777,107867,135.28,landed_on_pad,1,130.26,0.05,0.2233,12.657,-49.17,0.08,35.6
238,886,108753,132.37,landed_on_pad,1,151.17,0.05,0.1883,11.717,-47.35,0.09,35.9
239,740,109493,151.63,landed_on_pad,1,125.46,0.05,0.202,13.802,-45.61,0.1,36.1
240,734,110227,165.31,landed_on_pad,1,122.88,0.05,0.1863,15.102,-44.25,0.11,36.4
241,760,110987,164.75,landed_on_pad,1,131.19,0.05,0.2112,13.746,-43.81,0.12,36.6
242,860,111847,143.45,landed_on_pad,1,149.31,0.05,0.202,11.618,-44.74,0.12,36.9
243,1000,112847,-35.16,timeout,0,175.74,0.05,0.1966,7.889,-47.29,0.11,37.2
244,1000,113847,23.13,timeout,0,172.11,0.05,0.1518,9.76,-46.06,0.11,37.5
245,1000,114847,-12.58,timeout,0,178.89,0.05,0.1701,7.571,-48.53,0.1,37.8
246,854,115701,141.95,landed_on_pad,1,146.34,0.05,0.1471,11.606,-46.49,0.11,38.1
247,836,116537,137.82,landed_on_pad,1,145.83,0.05,0.1712,11.381,-41.88,0.12,38.4
248,638,117175,163.96,landed_on_pad,1,108.33,0.05,0.1704,15.9,-39.57,0.13,38.6
249,1000,118175,-25.42,timeout,0,177.24,0.05,0.2159,8.049,-39.39,0.13,38.9
250,1000,119175,-42.86,timeout,0,177.66,0.05,0.1528,7.832,-38.79,0.13,39.2
251,1000,120175,-16.79,timeout,0,176.16,0.05,0.2089,11.11,-37.76,0.13,40.2
252,858,121033,121.52,landed_on_pad,1,147.06,0.05,0.1309,11.241,-35.78,0.14,40.4
253,1000,122033,-39.83,timeout,0,176.49,0.05,0.1209,5.543,-35.66,0.14,40.8
254,1000,123033,-44.52,timeout,0,175.77,0.05,0.1358,7.596,-38.58,0.13,41.1
255,1000,124033,-54.3,timeout,0,173.79,0.05,0.1099,6.467,-40.96,0.12,41.4
256,1000,125033,-38.73,timeout,0,177.36,0.05,0.1264,11.182,-40.59,0.12,41.7
257,1000,126033,-30.38,timeout,0,177.48,0.05,0.0974,9.055,-40.54,0.12,42.0
258,1000,127033,-48.04,timeout,0,177.93,0.05,0.0989,6.241,-40.72,0.12,42.3
259,1000,128033,-38.63,timeout,0,178.11,0.05,0.0747,6.5,-40.04,0.12,42.6
260,915,128948,-224.53,out_of_bounds,0,158.94,0.05,0.0644,8.911,-42.83,0.12,42.9
261,1000,129948,-56.44,timeout,0,175.59,0.05,0.082,8.394,-44.19,0.12,43.2
262,1000,130948,-106.08,timeout,0,171.84,0.05,0.0729,11.951,-44.79,0.12,43.5
263,865,131813,34.96,landed_off_pad,0,145.77,0.05,0.0871,12.219,-43.62,0.12,43.8
264,1000,132813,-47.88,timeout,0,170.07,0.05,0.0975,9.585,-43.49,0.12,44.1
265,1000,133813,-37.44,timeout,0,176.52,0.05,0.1039,4.608,-42.53,0.12,44.4
266,1000,134813,-39.86,timeout,0,172.98,0.05,0.0837,6.903,-42.03,0.12,44.8
267,946,135759,35.5,landed_off_pad,0,153.78,0.05,0.0782,11.37,-40.46,0.12,45.1
268,408,136167,-140.17,out_of_bounds,0,70.65,0.05,0.0718,12.583,-41.23,0.12,45.2
269,1000,137167,-102.85,timeout,0,170.34,0.05,0.1049,4.559,-41.2,0.12,45.5
270,1000,138167,-102.65,timeout,0,169.02,0.05,0.0885,6.79,-41.15,0.12,45.8
271,1000,139167,-51.82,timeout,0,169.38,0.05,0.0799,7.088,-40.56,0.12,46.1
272,1000,140167,-67.36,timeout,0,174.93,0.05,0.0627,5.426,-40.26,0.12,46.5
273,205,140372,-200.4,out_of_bounds,0,35.97,0.05,0.1087,43.609,-41.2,0.12,46.5
274,1000,141372,-22.23,timeout,0,172.05,0.05,0.0604,8.415,-40.27,0.12,46.8
275,1000,142372,-51.8,timeout,0,172.41,0.05,0.0871,7.959,-40.49,0.12,47.2
276,967,143339,-8.0,landed_off_pad,0,160.5,0.05,0.0726,9.938,-39.62,0.12,47.5
277,1000,144339,-13.6,timeout,0,166.59,0.05,0.0798,10.154,-38.41,0.12,47.8
278,1000,145339,-49.74,timeout,0,176.88,0.05,0.0824,6.845,-38.13,0.12,48.1
279,1000,146339,-33.28,timeout,0,168.27,0.05,0.0712,13.994,-37.53,0.12,48.4
280,556,146895,42.85,landed_off_pad,0,84.9,0.05,0.084,19.622,-35.81,0.12,48.6
281,603,147498,62.55,landed_off_pad,0,93.33,0.05,0.0912,9.509,-34.46,0.12,48.8
282,910,148408,23.23,landed_off_pad,0,150.21,0.05,0.1082,8.849,-32.93,0.12,49.1
283,970,149378,-286.35,crashed,0,125.28,0.05,0.098,23.82,-35.33,0.12,49.4
284,1000,150378,-28.09,timeout,0,175.71,0.05,0.0887,4.628,-35.32,0.12,49.7
285,1000,151378,-39.74,timeout,0,175.35,0.05,0.1113,4.997,-34.24,0.12,50.0
286,1000,152378,-61.21,timeout,0,175.29,0.05,0.1077,5.932,-33.86,0.12,50.3
287,1000,153378,-25.54,timeout,0,174.69,0.05,0.1228,4.952,-33.93,0.12,50.7
288,1000,154378,-35.05,timeout,0,174.6,0.05,0.0892,6.804,-33.29,0.12,51.0
289,917,155295,32.16,landed_off_pad,0,152.88,0.05,0.1224,8.777,-30.49,0.12,51.3
290,1000,156295,-73.27,timeout,0,126.42,0.05,0.1082,32.352,-30.41,0.12,51.6
291,1000,157295,-14.42,timeout,0,174.33,0.05,0.0987,5.684,-29.63,0.12,51.9
292,1000,158295,-121.47,timeout,0,170.19,0.05,0.1099,1.109,-30.23,0.12,52.2
293,1000,159295,-32.54,timeout,0,173.49,0.05,0.0975,5.895,-29.94,0.12,52.5
294,1000,160295,-19.08,timeout,0,95.82,0.05,0.1059,34.13,-29.75,0.12,52.9
295,1000,161295,-39.68,timeout,0,168.12,0.05,0.1275,6.151,-29.61,0.12,53.2
296,1000,162295,-32.94,timeout,0,171.75,0.05,0.1343,4.88,-29.37,0.12,53.5
297,1000,163295,-36.96,timeout,0,174.66,0.05,0.1005,5.042,-27.87,0.12,53.8
298,1000,164295,-39.07,timeout,0,171.0,0.05,0.0811,4.393,-27.53,0.12,54.1
299,798,165093,46.26,landed_off_pad,0,134.49,0.05,0.1096,8.7,-26.29,0.12,54.4
300,1000,166093,-114.88,timeout,0,170.37,0.05,0.1053,-4.628,-27.04,0.12,54.7
301,1000,167093,-39.12,timeout,0,172.65,0.05,0.133,3.532,-25.22,0.12,55.7
302,1000,168093,-45.9,timeout,0,123.06,0.05,0.1068,44.267,-24.78,0.12,56.0
303,1000,169093,-32.74,timeout,0,116.4,0.05,0.0918,47.769,-24.45,0.12,56.3
304,1000,170093,36.77,timeout,0,93.78,0.05,0.1121,35.058,-22.39,0.12,56.6
305,1000,171093,-110.03,timeout,0,172.65,0.05,0.1321,11.031,-22.71,0.12,57.0
306,1000,172093,6.59,timeout,0,123.84,0.05,0.0983,21.085,-21.99,0.12,57.3
307,1000,173093,-61.1,timeout,0,173.97,0.05,0.1158,8.707,-21.83,0.12,57.6
308,1000,174093,-34.47,timeout,0,142.05,0.05,0.108,17.239,-21.25,0.12,57.9
309,1000,175093,-53.66,timeout,0,176.85,0.05,0.1172,4.652,-21.22,0.12,58.2
310,1000,176093,-34.09,timeout,0,173.91,0.05,0.1301,3.932,-20.87,0.12,58.5
311,738,176831,55.68,landed_off_pad,0,117.78,0.05,0.1333,12.152,-19.7,0.12,58.8
312,1000,177831,38.66,timeout,0,90.66,0.05,0.1097,41.025,-18.94,0.12,59.1
313,969,178800,25.86,landed_off_pad,0,163.5,0.05,0.1437,8.203,-18.21,0.12,59.4
314,1000,179800,-24.45,timeout,0,172.83,0.05,0.1187,4.12,-18.0,0.12,59.7
315,910,180710,-362.47,crashed,0,119.37,0.05,0.0997,38.523,-20.52,0.12,60.0
316,654,181364,174.78,landed_on_pad,1,109.02,0.05,0.0914,11.725,-18.66,0.13,60.2
317,775,182139,46.84,landed_off_pad,0,127.17,0.05,0.1345,11.694,-17.79,0.13,60.4
318,591,182730,26.61,landed_off_pad,0,86.61,0.05,0.0849,8.771,-15.66,0.13,60.6
319,1000,183730,-119.02,timeout,0,180.69,0.05,0.1406,-4.755,-16.35,0.13,61.0
320,762,184492,146.09,landed_on_pad,1,127.17,0.05,0.1333,8.74,-14.59,0.14,61.2
321,617,185109,93.36,landed_off_pad,0,97.77,0.05,0.1275,15.767,-13.19,0.14,61.4
322,1000,186109,-32.06,timeout,0,173.97,0.05,0.1446,2.943,-13.32,0.14,61.7
323,929,187038,152.75,landed_on_pad,1,127.29,0.05,0.1444,8.765,-11.52,0.15,62.0
324,1000,188038,-31.36,timeout,0,140.16,0.05,0.1346,17.965,-11.51,0.15,62.3
325,1000,189038,-62.0,timeout,0,144.87,0.05,0.155,26.584,-12.16,0.15,62.6
326,1000,190038,-2.4,timeout,0,124.44,0.05,0.1537,31.607,-11.83,0.15,62.9
327,1000,191038,-24.33,timeout,0,132.33,0.05,0.167,23.962,-12.12,0.15,63.3
328,1000,192038,-26.59,timeout,0,110.61,0.05,0.1619,30.409,-13.77,0.14,63.6
329,570,192608,168.89,landed_on_pad,1,92.79,0.05,0.2329,9.9,-13.2,0.14,63.7
330,1000,193608,3.85,timeout,0,115.53,0.05,0.1868,27.356,-13.04,0.14,64.1
331,1000,194608,13.56,timeout,0,118.71,0.05,0.1796,29.702,-12.49,0.14,64.4
332,480,195088,195.27,landed_on_pad,1,78.09,0.05,0.216,21.006,-10.21,0.15,64.5
333,1000,196088,-38.15,timeout,0,171.3,0.05,0.161,26.264,-10.41,0.15,64.9
334,755,196843,-15.1,landed_off_pad,0,124.68,0.05,0.1372,20.295,-10.36,0.15,65.1
335,1000,197843,-39.54,timeout,0,147.0,0.05,0.1909,20.257,-10.52,0.15,65.4
336,275,198118,-203.2,out_of_bounds,0,49.95,0.05,0.1527,8.313,-12.31,0.15,65.5
337,1000,199118,-72.29,timeout,0,154.95,0.05,0.1582,15.211,-14.39,0.14,65.8
338,1000,200118,-3.49,timeout,0,150.81,0.05,0.1929,13.141,-15.75,0.13,66.1
339,1000,201118,-30.29,timeout,0,150.42,0.05,0.1714,13.364,-17.57,0.12,66.4
340,1000,202118,-21.45,timeout,0,165.66,0.05,0.1937,7.721,-19.43,0.11,66.7
341,946,203064,129.05,landed_on_pad,1,149.94,0.05,0.1646,9.674,-19.79,0.11,67.0
342,1000,204064,3.81,timeout,0,164.52,0.05,0.2152,7.056,-21.19,0.1,67.4
343,374,204438,247.39,landed_on_pad,1,56.61,0.05,0.1476,38.906,-18.36,0.11,67.5
344,458,204896,218.79,landed_on_pad,1,74.91,0.05,0.172,20.516,-16.4,0.12,67.6
345,1000,205896,-35.78,timeout,0,173.1,0.05,0.1541,8.165,-16.64,0.12,67.9
346,1000,206896,-13.57,timeout,0,165.99,0.05,0.1811,11.785,-18.19,0.11,68.2
347,1000,207896,-28.24,timeout,0,144.24,0.05,0.2033,15.238,-19.85,0.1,68.6
348,1000,208896,-5.47,timeout,0,129.33,0.05,0.173,24.107,-21.55,0.09,68.9
349,585,209481,180.73,landed_on_pad,1,95.34,0.05,0.2699,15.659,-19.48,0.1,69.1
350,407,209888,129.46,landed_off_pad,0,63.78,0.05,0.1552,21.911,-17.76,0.1,69.2
351,1000,210888,22.7,timeout,0,161.31,0.05,0.1662,5.787,-17.37,0.1,70.1
352,485,211373,97.46,landed_off_pad,0,78.42,0.05,0.2585,17.69,-17.61,0.09,70.2
353,847,212220,143.51,landed_on_pad,1,138.09,0.05,0.1697,10.523,-15.77,0.1,70.5
354,810,213030,153.23,landed_on_pad,1,126.81,0.05,0.1558,8.581,-13.8,0.11,70.8
355,521,213551,176.24,landed_on_pad,1,87.09,0.05,0.1649,15.643,-11.49,0.12,70.9
356,343,213894,231.19,landed_on_pad,1,55.77,0.05,0.191,28.186,-8.79,0.13,71.0
357,496,214390,208.17,landed_on_pad,1,76.89,0.05,0.2273,23.58,-6.41,0.14,71.2
358,1000,215390,-3.65,timeout,0,138.27,0.05,0.1887,20.147,-5.96,0.14,71.5
359,351,215741,204.87,landed_on_pad,1,54.69,0.05,0.1895,29.018,-3.53,0.15,71.6
360,754,216495,157.2,landed_on_pad,1,127.89,0.05,0.1753,12.119,0.29,0.16,71.9
361,561,217056,180.53,landed_on_pad,1,93.21,0.05,0.1466,16.742,2.66,0.17,72.0
362,580,217636,174.57,landed_on_pad,1,98.04,0.05,0.2245,14.302,5.47,0.18,72.2
363,916,218552,129.44,landed_on_pad,1,153.6,0.05,0.1728,11.163,6.41,0.19,72.5
364,1000,219552,-26.4,timeout,0,173.07,0.05,0.1854,3.058,6.63,0.19,72.8
365,705,220257,154.18,landed_on_pad,1,119.43,0.05,0.2871,13.714,8.54,0.2,73.0
366,570,220827,177.23,landed_on_pad,1,94.95,0.05,0.2542,17.428,10.71,0.21,73.2
367,447,221274,193.53,landed_on_pad,1,72.39,0.05,0.2187,21.253,12.29,0.22,73.4
368,1000,222274,-46.55,timeout,0,174.21,0.05,0.2406,2.351,13.23,0.22,73.7
369,902,223176,38.81,landed_off_pad,0,150.27,0.05,0.237,6.671,14.65,0.22,74.0
370,572,223748,176.41,landed_on_pad,1,95.22,0.05,0.1577,19.106,17.44,0.23,74.2
371,746,224494,65.92,landed_off_pad,0,128.22,0.05,0.2057,6.227,18.61,0.23,74.4
372,694,225188,-206.02,out_of_bounds,0,118.11,0.05,0.2344,-0.962,17.23,0.23,74.6
373,727,225915,57.59,landed_off_pad,0,123.87,0.05,0.2349,7.4,19.81,0.23,74.9
374,519,226434,193.7,landed_on_pad,1,86.76,0.05,0.3352,15.918,21.97,0.24,75.0
375,433,226867,212.64,landed_on_pad,1,69.6,0.05,0.2686,23.342,24.61,0.25,75.2
376,991,227858,-14.67,landed_off_pad,0,170.61,0.05,0.1848,2.343,24.54,0.25,75.5
377,1000,228858,-41.94,timeout,0,163.74,0.05,0.3067,5.157,24.26,0.25,75.8
378,458,229316,211.9,landed_on_pad,1,73.86,0.05,0.2921,19.723,26.88,0.26,75.9
379,512,229828,201.62,landed_on_pad,1,79.86,0.05,0.1991,19.321,29.23,0.27,76.1
380,991,230819,26.99,landed_off_pad,0,168.6,0.05,0.1903,2.841,29.07,0.27,76.4
381,685,231504,78.89,landed_off_pad,0,114.27,0.05,0.24,11.155,29.23,0.27,76.6
382,1000,232504,-22.44,timeout,0,160.8,0.05,0.247,6.851,28.77,0.27,76.9
383,514,233018,186.55,landed_on_pad,1,83.28,0.05,0.2591,15.341,33.5,0.28,77.1
384,1000,234018,-24.53,timeout,0,164.07,0.05,0.2833,10.4,33.54,0.28,77.4
385,1000,235018,-17.15,timeout,0,156.81,0.05,0.2651,5.628,33.76,0.28,77.8
386,1000,236018,3.05,timeout,0,157.74,0.05,0.35,10.108,34.41,0.28,78.1
387,456,236474,216.16,landed_on_pad,1,75.15,0.05,0.2017,20.223,36.82,0.29,78.3
388,1000,237474,-29.14,timeout,0,170.28,0.05,0.2381,2.186,36.88,0.29,78.6
389,641,238115,181.41,landed_on_pad,1,107.04,0.05,0.2439,15.85,38.38,0.3,78.8
390,1000,239115,-1.45,timeout,0,150.96,0.05,0.1829,8.883,39.09,0.3,79.1
391,504,239619,202.81,landed_on_pad,1,80.49,0.05,0.1803,17.696,41.27,0.31,79.3
392,465,240084,191.18,landed_on_pad,1,75.27,0.05,0.4853,18.061,44.39,0.32,79.4
393,316,240400,234.84,landed_on_pad,1,51.78,0.05,0.2141,26.216,47.07,0.33,79.5
394,469,240869,212.19,landed_on_pad,1,74.16,0.05,0.2389,23.708,49.38,0.34,79.7
395,1000,241869,-4.36,timeout,0,149.43,0.05,0.3072,11.167,49.73,0.34,80.0
396,422,242291,205.02,landed_on_pad,1,67.23,0.05,0.4176,18.952,52.11,0.35,80.1
397,1000,243291,0.7,timeout,0,156.54,0.05,0.2844,6.458,52.49,0.35,80.4
398,1000,244291,16.02,timeout,0,160.47,0.05,0.2786,7.244,53.04,0.35,80.7
399,413,244704,213.56,landed_on_pad,1,66.69,0.05,0.2053,23.501,54.71,0.36,80.9
400,536,245240,213.06,landed_on_pad,1,81.93,0.05,0.2761,19.683,57.99,0.37,81.1
401,855,246095,148.84,landed_on_pad,1,129.3,0.05,0.2981,4.438,59.87,0.38,81.9
402,1000,247095,-10.93,timeout,0,161.1,0.05,0.3321,3.615,60.22,0.38,82.3
403,656,247751,191.17,landed_on_pad,1,107.94,0.05,0.167,15.182,62.46,0.39,82.5
404,1000,248751,-48.43,timeout,0,172.23,0.05,0.3432,0.675,61.61,0.39,82.8
405,696,249447,184.24,landed_on_pad,1,107.91,0.05,0.2706,14.072,64.55,0.4,83.0
406,336,249783,234.4,landed_on_pad,1,54.18,0.05,0.2877,25.784,66.83,0.41,83.1
407,1000,250783,-2.48,timeout,0,159.42,0.05,0.1808,3.384,67.42,0.41,83.4
408,887,251670,125.53,landed_on_pad,1,139.98,0.05,0.2836,8.155,69.02,0.42,83.7
409,685,252355,187.71,landed_on_pad,1,105.78,0.05,0.3054,12.254,71.43,0.43,83.9
410,640,252995,174.86,landed_on_pad,1,106.14,0.05,0.2032,11.836,73.52,0.44,84.1
411,924,253919,125.87,landed_on_pad,1,144.24,0.05,0.2954,3.381,74.22,0.45,84.4
412,497,254416,185.3,landed_on_pad,1,78.39,0.05,0.3,14.212,75.69,0.46,84.6
413,529,254945,176.42,landed_on_pad,1,84.54,0.05,0.2629,12.451,77.19,0.47,84.8
414,1000,255945,-6.0,timeout,0,158.67,0.05,0.2342,1.598,77.38,0.47,85.1
415,468,256413,204.04,landed_on_pad,1,70.98,0.05,0.2853,19.889,83.04,0.48,85.2
416,415,256828,200.94,landed_on_pad,1,64.23,0.05,0.2396,23.404,83.3,0.48,85.4
417,910,257738,123.68,landed_on_pad,1,144.39,0.05,0.2779,9.061,84.07,0.49,85.7
418,522,258260,112.92,landed_off_pad,0,84.75,0.05,0.369,17.037,84.94,0.49,85.8
419,563,258823,182.2,landed_on_pad,1,94.02,0.05,0.329,15.042,87.95,0.5,86.0
420,771,259594,146.92,landed_on_pad,1,128.67,0.05,0.2862,9.365,87.96,0.5,86.3
421,637,260231,95.92,landed_off_pad,0,97.05,0.05,0.2149,12.824,87.98,0.5,86.5
422,458,260689,211.36,landed_on_pad,1,71.85,0.05,0.1972,17.761,90.42,0.51,86.6
423,615,261304,184.86,landed_on_pad,1,97.5,0.05,0.2683,13.58,90.74,0.51,86.8
424,545,261849,114.68,landed_off_pad,0,86.67,0.05,0.2671,18.485,92.2,0.51,87.0
425,362,262211,222.27,landed_on_pad,1,54.99,0.05,0.1771,22.08,95.04,0.52,87.1
426,721,262932,163.76,landed_on_pad,1,112.41,0.05,0.2269,12.853,96.7,0.53,87.3
427,403,263335,197.95,landed_on_pad,1,62.58,0.05,0.1749,19.769,98.92,0.54,87.5
428,602,263937,187.09,landed_on_pad,1,94.44,0.05,0.2399,16.692,101.06,0.55,87.7
429,632,264569,187.68,landed_on_pad,1,104.76,0.05,0.1999,13.073,101.25,0.55,87.9
430,578,265147,185.53,landed_on_pad,1,94.23,0.05,0.2581,13.931,103.07,0.56,88.0
431,930,266077,129.29,landed_on_pad,1,161.4,0.05,0.177,6.705,104.22,0.57,88.3
432,612,266689,159.5,landed_on_pad,1,97.65,0.05,0.2175,10.268,103.87,0.57,88.5
433,918,267607,131.08,landed_on_pad,1,148.53,0.05,0.312,7.438,105.56,0.58,88.8
434,505,268112,182.59,landed_on_pad,1,82.89,0.05,0.1697,16.18,107.54,0.59,89.0
435,459,268571,130.61,landed_off_pad,0,73.98,0.05,0.1895,17.159,109.24,0.59,89.1
436,500,269071,199.84,landed_on_pad,1,80.22,0.05,0.2565,16.215,113.27,0.6,89.3
437,435,269506,218.68,landed_on_pad,1,69.03,0.05,0.2072,18.73,116.18,0.61,89.4
438,707,270213,163.11,landed_on_pad,1,117.48,0.05,0.2783,8.944,117.84,0.62,89.7
439,624,270837,90.45,landed_off_pad,0,99.21,0.05,0.2875,9.437,119.05,0.62,89.9
440,419,271256,134.81,landed_off_pad,0,68.31,0.05,0.2975,18.419,120.61,0.62,90.0
441,538,271794,194.7,landed_on_pad,1,85.53,0.05,0.2643,14.786,121.27,0.62,90.2
442,452,272246,215.29,landed_on_pad,1,72.42,0.05,0.1999,19.67,123.38,0.63,90.3
443,496,272742,210.79,landed_on_pad,1,77.7,0.05,0.2424,16.531,123.02,0.63,90.5
444,500,273242,185.62,landed_on_pad,1,73.74,0.05,0.2089,17.657,122.69,0.63,90.6
445,1000,274242,-14.46,timeout,0,142.95,0.05,0.2537,1.6,122.9,0.63,91.0
446,449,274691,117.24,landed_off_pad,0,74.49,0.05,0.2371,17.567,124.21,0.63,91.1
447,620,275311,168.32,landed_on_pad,1,99.51,0.05,0.2275,11.972,126.17,0.64,91.3
448,571,275882,186.58,landed_on_pad,1,93.54,0.05,0.2914,15.109,128.09,0.65,91.5
449,344,276226,203.16,landed_on_pad,1,53.64,0.05,0.2368,26.482,128.32,0.65,91.6
450,601,276827,87.57,landed_off_pad,0,100.41,0.05,0.2333,12.706,127.9,0.65,91.8
451,292,277119,229.71,landed_on_pad,1,45.51,0.05,0.2784,28.891,129.97,0.66,92.4
452,456,277575,208.83,landed_on_pad,1,72.63,0.05,0.3577,18.75,131.08,0.67,92.6
453,341,277916,214.0,landed_on_pad,1,54.51,0.05,0.4266,22.784,131.79,0.67,92.7
454,548,278464,179.74,landed_on_pad,1,84.63,0.05,0.2456,11.515,132.05,0.67,92.9
455,396,278860,218.39,landed_on_pad,1,63.36,0.05,0.1522,20.216,132.47,0.67,93.0
456,426,279286,203.44,landed_on_pad,1,66.12,0.05,0.2596,15.168,132.2,0.67,93.1
457,552,279838,190.25,landed_on_pad,1,87.21,0.05,0.3355,12.819,132.02,0.67,93.3
458,539,280377,189.02,landed_on_pad,1,89.97,0.05,0.2476,13.447,133.94,0.68,93.5
459,474,280851,194.2,landed_on_pad,1,77.49,0.05,0.3062,15.61,133.84,0.68,93.6
460,315,281166,224.2,landed_on_pad,1,48.81,0.05,0.2343,26.524,134.51,0.68,93.7
461,435,281601,196.23,landed_on_pad,1,70.29,0.05,0.1331,20.362,134.66,0.68,93.9
462,492,282093,182.69,landed_on_pad,1,80.91,0.05,0.2267,15.905,134.75,0.68,94.0
463,498,282591,94.07,landed_off_pad,0,79.68,0.05,0.295,16.976,134.39,0.67,94.2
464,610,283201,87.65,landed_off_pad,0,101.46,0.05,0.4015,10.26,135.53,0.67,94.4
465,652,283853,181.43,landed_on_pad,1,108.87,0.05,0.2509,11.939,135.81,0.67,94.6
466,369,284222,216.81,landed_on_pad,1,57.33,0.05,0.1887,21.908,136.2,0.67,94.7
467,235,284457,176.26,landed_off_pad,0,34.59,0.05,0.2993,42.442,136.03,0.66,94.8
468,475,284932,107.24,landed_off_pad,0,76.53,0.05,0.2031,17.337,137.57,0.66,95.0
469,654,285586,67.81,landed_off_pad,0,107.1,0.05,0.2782,8.113,137.86,0.66,95.2
470,668,286254,76.77,landed_off_pad,0,104.85,0.05,0.2003,11.393,136.86,0.65,95.4
471,587,286841,81.13,landed_off_pad,0,95.73,0.05,0.3093,14.146,137.01,0.65,95.6
472,604,287445,87.72,landed_off_pad,0,99.84,0.05,0.2989,8.203,139.95,0.65,95.8
473,610,288055,87.4,landed_off_pad,0,99.54,0.05,0.238,12.182,140.25,0.65,96.0
474,619,288674,164.61,landed_on_pad,1,104.91,0.05,0.1643,10.529,139.96,0.65,96.2
475,689,289363,85.91,landed_off_pad,0,115.38,0.05,0.2967,9.402,138.69,0.64,96.4
476,379,289742,206.5,landed_on_pad,1,52.32,0.05,0.2544,24.98,140.9,0.65,96.5
477,456,290198,201.2,landed_on_pad,1,72.72,0.05,0.2117,17.112,143.33,0.66,96.7
478,435,290633,188.65,landed_on_pad,1,70.8,0.05,0.229,16.606,143.1,0.66,96.8
479,250,290883,242.32,landed_on_pad,1,38.79,0.05,0.2649,38.512,143.51,0.66,96.9
480,391,291274,113.01,landed_off_pad,0,64.35,0.05,0.2681,19.337,144.37,0.66,97.0
481,664,291938,91.71,landed_off_pad,0,106.56,0.05,0.2237,12.163,144.5,0.66,97.2
482,724,292662,72.21,landed_off_pad,0,122.07,0.05,0.2956,9.307,145.44,0.66,97.5
483,720,293382,56.03,landed_off_pad,0,117.48,0.05,0.3008,4.615,144.14,0.65,97.7
484,1000,294382,-43.96,timeout,0,175.38,0.05,0.2217,4.021,143.94,0.65,98.0
485,899,295281,39.8,landed_off_pad,0,145.35,0.05,0.2456,2.336,144.51,0.65,98.3
486,468,295749,209.72,landed_on_pad,1,73.62,0.05,0.2114,16.483,146.58,0.66,98.5
487,1000,296749,-57.19,timeout,0,177.3,0.05,0.2094,0.437,143.85,0.65,98.8
488,554,297303,188.64,landed_on_pad,1,86.4,0.05,0.2726,13.231,146.02,0.66,99.0
489,607,297910,70.38,landed_off_pad,0,97.08,0.05,0.2837,11.924,144.91,0.65,99.2
490,519,298429,92.23,landed_off_pad,0,84.6,0.05,0.2087,13.086,145.85,0.65,99.4
491,497,298926,209.86,landed_on_pad,1,79.83,0.05,0.1853,16.04,145.92,0.65,99.5
492,451,299377,200.03,landed_on_pad,1,73.23,0.05,0.261,17.745,146.01,0.65,99.7
493,688,300065,66.61,landed_off_pad,0,115.89,0.05,0.2579,8.942,144.33,0.64,99.9
494,224,300289,174.65,landed_off_pad,0,30.3,0.05,0.2264,43.34,143.95,0.63,100.0
495,424,300713,191.93,landed_on_pad,1,66.6,0.05,0.3417,18.456,145.91,0.64,100.1
496,274,300987,143.28,landed_off_pad,0,41.85,0.05,0.2202,33.732,145.3,0.63,100.2
497,544,301531,109.04,landed_off_pad,0,91.29,0.05,0.188,13.046,146.38,0.63,100.4
498,354,301885,113.33,landed_off_pad,0,55.08,0.05,0.1919,22.918,147.35,0.63,100.5
499,250,302135,167.08,landed_off_pad,0,35.7,0.05,0.2613,35.177,146.89,0.62,100.6
500,656,302791,77.51,landed_off_pad,0,108.96,0.05,0.2113,9.998,145.53,0.61,100.8
501,392,303183,209.98,landed_on_pad,1,57.87,0.05,0.2229,21.335,146.14,0.61,101.3
502,512,303695,108.84,landed_off_pad,0,83.88,0.05,0.1854,13.476,147.34,0.61,101.4
503,261,303956,156.69,landed_off_pad,0,32.61,0.05,0.1667,36.506,147.0,0.6,101.5
504,302,304258,238.48,landed_on_pad,1,43.23,0.05,0.2503,28.234,149.87,0.61,101.6
505,1000,305258,-4.88,timeout,0,169.41,0.05,0.2209,4.369,147.97,0.6,101.9
506,437,305695,198.85,landed_on_pad,1,70.98,0.05,0.2624,17.666,147.62,0.6,102.1
507,278,305973,235.19,landed_on_pad,1,43.77,0.05,0.1772,32.242,150.0,0.61,102.2
508,382,306355,206.03,landed_on_pad,1,61.08,0.05,0.216,22.307,150.8,0.61,102.3
509,467,306822,-180.3,crashed,0,76.62,0.05,0.1887,-1.961,147.12,0.6,102.4
510,598,307420,181.53,landed_on_pad,1,95.88,0.05,0.2119,16.042,147.19,0.6,102.6
511,546,307966,196.33,landed_on_pad,1,86.16,0.05,0.2661,16.502,147.89,0.6,102.8
512,363,308329,198.48,landed_on_pad,1,56.61,0.05,0.1722,22.652,148.02,0.6,102.9
513,383,308712,124.03,landed_off_pad,0,61.38,0.05,0.2348,23.482,147.5,0.59,103.1
514,543,309255,177.62,landed_on_pad,1,87.36,0.05,0.2341,11.962,149.34,0.6,103.2
515,1000,310255,-67.02,timeout,0,174.39,0.05,0.2725,-0.136,146.63,0.59,103.6
516,476,310731,123.37,landed_off_pad,0,74.76,0.05,0.2678,19.389,145.85,0.58,103.7
517,320,311051,232.46,landed_on_pad,1,49.2,0.05,0.2489,30.821,146.94,0.58,103.8
518,1000,312051,-58.38,timeout,0,174.0,0.05,0.2593,-0.386,145.22,0.58,104.1
519,476,312527,201.02,landed_on_pad,1,73.98,0.05,0.1823,16.073,145.41,0.58,104.3
520,457,312984,139.68,landed_off_pad,0,70.8,0.05,0.3518,21.505,145.34,0.57,104.4
521,1000,313984,-75.93,timeout,0,175.5,0.05,0.2505,2.053,143.62,0.57,104.8
522,692,314676,167.54,landed_on_pad,1,115.92,0.05,0.2384,8.318,143.18,0.57,105.0
523,513,315189,188.6,landed_on_pad,1,84.33,0.05,0.2301,11.312,143.22,0.57,105.2
524,541,315730,198.4,landed_on_pad,1,83.16,0.05,0.1905,15.795,144.06,0.58,105.3
525,402,316132,222.86,landed_on_pad,1,65.01,0.05,0.3387,20.145,144.06,0.58,105.5
526,379,316511,206.17,landed_on_pad,1,58.59,0.05,0.3323,21.392,144.49,0.58,105.6
527,504,317015,112.61,landed_off_pad,0,79.83,0.05,0.2898,16.436,143.63,0.57,105.8
528,617,317632,180.15,landed_on_pad,1,101.82,0.05,0.313,11.064,143.57,0.57,106.0
529,879,318511,124.87,landed_on_pad,1,146.58,0.05,0.2761,3.296,142.94,0.57,106.3
530,399,318910,199.48,landed_on_pad,1,63.18,0.05,0.2093,18.937,143.08,0.57,106.4
531,400,319310,218.57,landed_on_pad,1,61.5,0.05,0.1769,22.809,143.97,0.57,106.5
532,432,319742,210.81,landed_on_pad,1,68.1,0.05,0.3719,18.008,144.48,0.57,106.7
533,439,320181,117.18,landed_off_pad,0,72.3,0.05,0.2638,18.919,144.34,0.56,106.8
534,282,320463,226.34,landed_on_pad,1,43.23,0.05,0.2705,30.73,144.78,0.56,106.9
535,477,320940,104.02,landed_off_pad,0,77.13,0.05,0.2211,15.477,144.52,0.56,107.1
536,493,321433,201.07,landed_on_pad,1,80.67,0.05,0.294,14.765,144.53,0.56,107.2
537,381,321814,226.0,landed_on_pad,1,56.58,0.05,0.2899,25.038,144.6,0.56,107.3
538,644,322458,81.44,landed_off_pad,0,105.84,0.05,0.3062,7.878,143.78,0.55,107.5
539,439,322897,222.77,landed_on_pad,1,69.99,0.05,0.2646,18.352,145.11,0.56,107.7
540,565,323462,103.67,landed_off_pad,0,91.11,0.05,0.2979,13.523,144.8,0.56,107.9
541,1000,324462,-42.82,timeout,0,172.2,0.05,0.3545,-2.199,142.42,0.55,108.2
542,631,325093,191.21,landed_on_pad,1,103.56,0.05,0.2108,11.224,142.18,0.55,108.4
543,308,325401,220.73,landed_on_pad,1,42.39,0.05,0.2194,29.536,142.28,0.55,108.5
544,392,325793,196.58,landed_on_pad,1,62.34,0.05,0.2463,19.513,142.39,0.55,108.6
545,1000,326793,-44.66,timeout,0,174.6,0.05,0.3212,-1.512,142.09,0.55,109.0
546,322,327115,210.07,landed_on_pad,1,50.04,0.05,0.3483,24.221,143.01,0.56,109.1
547,526,327641,218.74,landed_on_pad,1,83.1,0.05,0.1854,16.55,143.52,0.56,109.2
548,1000,328641,-32.29,timeout,0,175.5,0.05,0.313,-1.557,141.33,0.55,109.6
549,1000,329641,-13.01,timeout,0,171.51,0.05,0.2797,0.335,139.17,0.54,109.9
550,417,330058,207.64,landed_on_pad,1,67.86,0.05,0.2874,18.169,140.37,0.55,110.0
551,472,330530,186.93,landed_on_pad,1,77.58,0.05,0.3158,12.474,139.94,0.55,110.6
552,1000,331530,-17.72,timeout,0,171.75,0.05,0.257,0.41,137.68,0.54,110.9
553,313,331843,226.59,landed_on_pad,1,50.82,0.05,0.3827,25.719,137.8,0.54,111.0
554,485,332328,124.03,landed_off_pad,0,81.09,0.05,0.3523,19.989,137.24,0.53,111.2
555,352,332680,236.52,landed_on_pad,1,50.28,0.05,0.2924,25.144,137.43,0.53,111.3
556,508,333188,110.71,landed_off_pad,0,84.96,0.05,0.301,14.056,136.5,0.52,111.5
557,470,333658,208.96,landed_on_pad,1,75.93,0.05,0.4377,10.85,136.69,0.52,111.6
558,336,333994,219.45,landed_on_pad,1,47.76,0.05,0.2998,27.133,136.99,0.52,111.7
559,422,334416,208.21,landed_on_pad,1,68.25,0.05,0.2811,17.295,137.13,0.52,111.9
560,349,334765,203.99,landed_on_pad,1,55.86,0.05,0.3181,21.247,136.93,0.52,112.0
561,307,335072,204.99,landed_on_pad,1,47.01,0.05,0.2737,24.824,137.02,0.52,112.1
562,405,335477,142.95,landed_off_pad,0,67.11,0.05,0.3141,18.525,136.62,0.51,112.2
563,572,336049,179.6,landed_on_pad,1,90.3,0.05,0.2743,12.92,137.47,0.52,112.4
564,418,336467,218.52,landed_on_pad,1,64.11,0.05,0.2821,19.27,138.78,0.53,112.5
565,301,336768,229.91,landed_on_pad,1,47.46,0.05,0.2135,26.044,139.27,0.53,112.6
566,352,337120,227.06,landed_on_pad,1,56.55,0.05,0.2243,24.56,139.37,0.53,112.8
567,399,337519,213.03,landed_on_pad,1,64.98,0.05,0.2075,17.686,139.74,0.54,112.9
568,422,337941,220.13,landed_on_pad,1,63.81,0.05,0.3027,20.872,140.87,0.55,113.0
569,354,338295,139.55,landed_off_pad,0,55.59,0.05,0.2848,22.697,141.58,0.55,113.1
570,337,338632,222.05,landed_on_pad,1,51.27,0.05,0.2738,19.741,143.04,0.56,113.3
571,299,338931,129.29,landed_off_pad,0,46.53,0.05,0.4018,27.361,143.52,0.56,113.4
572,399,339330,225.05,landed_on_pad,1,62.91,0.05,0.3388,19.594,144.89,0.57,113.5
573,401,339731,223.62,landed_on_pad,1,65.82,0.05,0.2476,19.833,146.25,0.58,113.6
574,394,340125,234.33,landed_on_pad,1,63.84,0.05,0.3236,20.292,146.95,0.58,113.7
575,272,340397,236.64,landed_on_pad,1,38.49,0.05,0.32,33.437,148.46,0.59,113.8
576,429,340826,123.0,landed_off_pad,0,70.56,0.05,0.3357,20.061,147.62,0.58,114.0
577,324,341150,228.09,landed_on_pad,1,50.25,0.05,0.303,25.869,147.89,0.58,114.1
578,296,341446,215.8,landed_on_pad,1,45.9,0.05,0.237,25.785,148.16,0.58,114.2
579,349,341795,205.25,landed_on_pad,1,56.73,0.05,0.346,21.308,147.79,0.58,114.3
580,325,342120,221.3,landed_on_pad,1,52.56,0.05,0.2585,25.957,148.88,0.59,114.4
581,416,342536,191.53,landed_on_pad,1,65.82,0.05,0.3117,17.975,149.87,0.6,114.5
582,333,342869,136.33,landed_off_pad,0,50.25,0.05,0.2834,23.462,150.52,0.6,114.6
583,344,343213,213.41,landed_on_pad,1,52.2,0.05,0.2613,25.542,152.09,0.61,114.8
584,448,343661,113.72,landed_off_pad,0,71.64,0.05,0.2391,16.048,153.67,0.61,114.9
585,402,344063,220.15,landed_on_pad,1,66.99,0.05,0.218,26.48,155.47,0.62,115.0
586,436,344499,200.66,landed_on_pad,1,71.22,0.05,0.2019,16.83,155.38,0.62,115.2
587,426,344925,219.94,landed_on_pad,1,65.31,0.05,0.3881,20.116,158.15,0.63,115.3
588,423,345348,206.6,landed_on_pad,1,65.61,0.05,0.3562,18.637,158.33,0.63,115.5
589,250,345598,139.0,landed_off_pad,0,36.93,0.05,0.3539,34.883,159.02,0.63,115.6
590,339,345937,212.12,landed_on_pad,1,53.82,0.05,0.1974,22.994,160.21,0.64,115.7
591,446,346383,117.34,landed_off_pad,0,73.56,0.05,0.2833,17.243,159.29,0.63,115.8
592,415,346798,214.06,landed_on_pad,1,63.75,0.05,0.2722,22.815,159.43,0.63,116.0
593,428,347226,220.26,landed_on_pad,1,69.99,0.05,0.2627,20.51,160.97,0.64,116.1
594,221,347447,238.63,landed_on_pad,1,33.81,0.05,0.3473,36.378,161.61,0.65,116.2
595,381,347828,213.74,landed_on_pad,1,59.28,0.05,0.264,22.117,161.82,0.65,116.3
596,547,348375,161.28,landed_on_pad,1,90.78,0.05,0.3495,11.327,162.0,0.66,116.5
597,774,349149,152.79,landed_on_pad,1,130.32,0.05,0.3125,4.841,162.44,0.67,116.7
598,439,349588,125.41,landed_off_pad,0,73.05,0.05,0.3215,24.111,162.56,0.67,116.9
599,330,349918,229.54,landed_on_pad,1,48.18,0.05,0.3368,28.011,163.19,0.68,117.0
600,304,350222,141.15,landed_off_pad,0,49.02,0.05,0.1703,26.537,163.82,0.68,117.1
601,260,350482,243.78,landed_on_pad,1,39.45,0.05,0.3071,34.806,164.16,0.68,117.8
602,480,350962,114.2,landed_off_pad,0,78.66,0.05,0.2838,15.062,164.21,0.68,118.1
603,531,351493,114.86,landed_off_pad,0,86.07,0.05,0.3166,10.035,163.8,0.68,118.3
604,521,352014,194.45,landed_on_pad,1,84.39,0.05,0.202,12.986,163.36,0.68,118.5
605,317,352331,231.76,landed_on_pad,1,46.83,0.05,0.3475,28.993,165.72,0.69,118.6
606,381,352712,210.2,landed_on_pad,1,57.48,0.05,0.2541,22.892,165.84,0.69,118.8
607,379,353091,227.67,landed_on_pad,1,58.35,0.05,0.3163,19.767,165.76,0.69,119.0
608,384,353475,136.44,landed_off_pad,0,61.32,0.05,0.2996,19.461,165.06,0.68,119.1
609,353,353828,214.94,landed_on_pad,1,57.06,0.05,0.3239,21.627,169.02,0.69,119.3
610,893,354721,-9.68,landed_off_pad,0,141.57,0.05,0.246,4.701,167.11,0.68,119.7
611,300,355021,215.92,landed_on_pad,1,46.08,0.05,0.4377,25.121,167.3,0.68,119.8
612,274,355295,231.34,landed_on_pad,1,40.02,0.05,0.3423,31.278,167.63,0.68,119.9
613,335,355630,227.46,landed_on_pad,1,48.93,0.05,0.2982,24.356,168.66,0.69,120.1
614,262,355892,129.66,landed_off_pad,0,39.57,0.05,0.2929,29.734,168.18,0.68,120.2
615,656,356548,190.34,landed_on_pad,1,93.48,0.05,0.2562,11.393,170.76,0.69,120.4
616,345,356893,224.98,landed_on_pad,1,51.09,0.05,0.2931,24.835,171.77,0.7,120.6
617,308,357201,125.31,landed_off_pad,0,49.65,0.05,0.3459,28.359,170.7,0.69,120.7
618,323,357524,227.33,landed_on_pad,1,46.08,0.05,0.3963,26.244,173.56,0.7,120.8
619,1000,358524,-39.88,timeout,0,175.71,0.05,0.2842,1.767,171.15,0.69,121.1
620,1000,359524,-36.74,timeout,0,174.15,0.05,0.3251,1.548,169.39,0.69,121.5
621,1000,360524,-41.07,timeout,0,173.76,0.05,0.2543,1.577,169.74,0.69,121.8
622,401,360925,107.35,landed_off_pad,0,64.59,0.05,0.2791,16.593,169.13,0.68,121.9
623,325,361250,213.98,landed_on_pad,1,50.07,0.05,0.3561,24.158,169.39,0.68,122.1
624,471,361721,134.7,landed_off_pad,0,72.63,0.05,0.2615,16.622,168.75,0.67,122.2
625,379,362100,131.21,landed_off_pad,0,61.98,0.05,0.313,19.594,167.83,0.66,122.3
626,748,362848,79.95,landed_off_pad,0,106.05,0.05,0.2524,5.749,166.57,0.65,122.6
627,600,363448,159.32,landed_on_pad,1,99.66,0.05,0.3035,7.927,167.04,0.66,122.8
628,476,363924,169.06,landed_on_pad,1,78.39,0.05,0.3434,12.625,166.93,0.66,122.9
629,319,364243,237.68,landed_on_pad,1,48.72,0.05,0.3663,26.611,168.06,0.66,123.1
630,425,364668,108.0,landed_off_pad,0,69.21,0.05,0.2954,17.636,167.14,0.65,123.2
631,261,364929,223.51,landed_on_pad,1,37.26,0.05,0.2757,25.22,167.19,0.65,123.3
632,966,365895,28.94,landed_off_pad,0,145.89,0.05,0.2979,-0.092,165.37,0.64,123.6
633,333,366228,228.28,landed_on_pad,1,50.49,0.05,0.2497,25.605,166.48,0.65,123.7
634,648,366876,79.89,landed_off_pad,0,107.43,0.05,0.2012,9.011,165.02,0.64,123.9
635,500,367376,179.12,landed_on_pad,1,81.45,0.05,0.3219,11.885,165.77,0.65,124.1
636,1000,368376,-100.39,timeout,0,171.9,0.05,0.2816,3.076,162.75,0.64,124.4
637,819,369195,51.31,landed_off_pad,0,136.05,0.05,0.3211,1.022,161.01,0.63,124.7
638,309,369504,229.01,landed_on_pad,1,48.36,0.05,0.2453,24.29,162.48,0.64,124.8
639,318,369822,216.14,landed_on_pad,1,49.86,0.05,0.3965,23.704,162.42,0.64,124.9
640,1000,370822,-115.0,timeout,0,168.39,0.05,0.246,2.273,160.23,0.64,125.2
641,289,371111,237.2,landed_on_pad,1,42.99,0.05,0.3446,29.959,163.03,0.65,125.3
642,670,371781,177.54,landed_on_pad,1,104.52,0.05,0.3553,16.335,162.89,0.65,125.7
643,600,372381,100.98,landed_off_pad,0,98.4,0.05,0.282,12.994,161.7,0.64,125.9
644,334,372715,109.17,landed_off_pad,0,51.36,0.05,0.2588,18.591,160.82,0.63,126.1
645,660,373375,68.82,landed_off_pad,0,108.06,0.05,0.336,6.74,161.96,0.63,126.3
646,317,373692,227.24,landed_on_pad,1,49.53,0.05,0.401,25.408,162.13,0.63,126.4
647,485,374177,106.14,landed_off_pad,0,78.69,0.05,0.2456,15.618,161.0,0.62,126.6
648,363,374540,237.53,landed_on_pad,1,53.85,0.05,0.3529,24.096,163.7,0.63,126.7
649,299,374839,214.05,landed_on_pad,1,46.98,0.05,0.2536,29.325,165.97,0.64,126.8
650,1000,375839,-30.98,timeout,0,169.86,0.05,0.3019,-1.072,163.59,0.63,127.1
651,350,376189,148.92,landed_off_pad,0,54.15,0.05,0.2171,24.262,163.21,0.62,127.9
652,1000,377189,-31.05,timeout,0,170.79,0.05,0.2549,-1.634,163.07,0.62,128.2
653,1000,378189,-48.8,timeout,0,172.41,0.05,0.2657,-0.173,160.32,0.61,128.6
654,317,378506,237.82,landed_on_pad,1,50.1,0.05,0.3355,27.162,161.46,0.62,128.7
655,435,378941,219.1,landed_on_pad,1,67.77,0.05,0.2068,16.162,161.28,0.62,128.8
656,1000,379941,29.92,timeout,0,145.83,0.05,0.3026,5.257,160.47,0.62,129.2
657,519,380460,189.85,landed_on_pad,1,83.46,0.05,0.2634,13.723,160.28,0.62,129.3
658,241,380701,231.63,landed_on_pad,1,36.69,0.05,0.224,32.043,160.4,0.62,129.4
659,273,380974,148.94,landed_off_pad,0,41.73,0.05,0.3027,29.642,159.81,0.61,129.5
660,1000,381974,-55.91,timeout,0,176.13,0.05,0.2998,0.084,157.21,0.6,129.8
661,1000,382974,-15.23,timeout,0,172.86,0.05,0.2225,1.048,155.01,0.59,130.2
662,436,383410,115.56,landed_off_pad,0,69.12,0.05,0.3635,16.862,154.74,0.59,130.3
663,306,383716,131.57,landed_off_pad,0,46.89,0.05,0.277,23.898,154.26,0.58,130.4
664,1000,384716,-52.32,timeout,0,172.08,0.05,0.2215,-0.876,151.55,0.57,130.8
665,1000,385716,-22.81,timeout,0,172.08,0.05,0.2169,1.073,149.02,0.56,131.1
666,1000,386716,-73.25,timeout,0,174.09,0.05,0.2506,-0.672,146.02,0.55,131.4
667,1000,387716,-43.69,timeout,0,171.12,0.05,0.2785,0.832,143.45,0.54,131.7
668,284,388000,228.22,landed_on_pad,1,42.06,0.05,0.3194,28.776,143.53,0.54,131.8
669,1000,389000,-10.71,timeout,0,173.16,0.05,0.2763,1.044,142.03,0.54,132.2
670,1000,390000,-48.83,timeout,0,173.01,0.05,0.2245,-1.232,139.32,0.53,132.5
671,918,390918,-14.24,landed_off_pad,0,153.57,0.05,0.3317,-0.522,137.88,0.53,132.8
672,1000,391918,-60.89,timeout,0,171.15,0.05,0.2863,3.325,135.02,0.52,133.1
673,235,392153,135.76,landed_off_pad,0,34.83,0.05,0.3141,33.517,134.15,0.51,133.2
674,1000,393153,-44.27,timeout,0,171.78,0.05,0.2248,0.319,131.36,0.5,133.6
675,1000,394153,-37.06,timeout,0,172.08,0.05,0.2721,-1.537,128.62,0.49,133.9
676,1000,395153,-31.88,timeout,0,174.21,0.05,0.237,0.768,127.07,0.49,134.2
677,1000,396153,-69.27,timeout,0,171.72,0.05,0.2417,-2.529,124.1,0.48,134.5
678,1000,397153,-76.17,timeout,0,171.66,0.05,0.2775,0.684,121.18,0.47,134.9
679,301,397454,211.95,landed_on_pad,1,46.74,0.05,0.2554,25.387,121.25,0.47,135.0
680,1000,398454,-60.78,timeout,0,171.54,0.05,0.2733,1.771,118.43,0.46,135.3
681,262,398716,230.99,landed_on_pad,1,41.79,0.05,0.1673,30.196,118.82,0.46,135.4
682,314,399030,232.31,landed_on_pad,1,49.83,0.05,0.2451,30.444,119.78,0.47,135.5
683,686,399716,187.33,landed_on_pad,1,109.44,0.05,0.2053,9.573,119.52,0.47,135.7
684,411,400127,132.33,landed_off_pad,0,66.45,0.05,0.1774,15.4,119.71,0.47,135.9
685,1000,401127,-42.97,timeout,0,167.97,0.05,0.2375,0.589,117.08,0.46,136.2
686,481,401608,61.68,landed_off_pad,0,75.93,0.05,0.1918,13.23,115.69,0.45,136.3
687,371,401979,138.61,landed_off_pad,0,58.05,0.05,0.1984,26.146,114.87,0.44,136.5
688,354,402333,222.37,landed_on_pad,1,55.29,0.05,0.1483,25.426,115.03,0.44,136.6
689,335,402668,219.49,landed_on_pad,1,53.04,0.05,0.2899,24.912,115.83,0.45,136.7
690,315,402983,216.12,landed_on_pad,1,47.97,0.05,0.245,30.032,115.88,0.45,136.8
691,1000,403983,-45.02,timeout,0,174.21,0.05,0.2411,-0.381,114.25,0.45,137.1
692,317,404300,225.04,landed_on_pad,1,49.14,0.05,0.2148,27.001,114.36,0.45,137.2
693,353,404653,216.22,landed_on_pad,1,55.47,0.05,0.1662,24.324,114.32,0.45,137.4
694,391,405044,207.1,landed_on_pad,1,62.85,0.05,0.1666,19.772,114.01,0.45,137.5
695,426,405470,215.23,landed_on_pad,1,67.62,0.05,0.2375,17.484,114.02,0.45,137.6
696,1000,406470,2.46,timeout,0,158.25,0.05,0.2489,3.761,112.43,0.44,138.0
697,1000,407470,-62.38,timeout,0,171.39,0.05,0.2562,-2.737,110.28,0.43,138.3
698,658,408128,80.14,landed_off_pad,0,106.38,0.05,0.2809,7.632,109.83,0.43,138.6
699,314,408442,224.9,landed_on_pad,1,50.37,0.05,0.2573,26.103,109.78,0.43,138.7
700,488,408930,106.47,landed_off_pad,0,80.01,0.05,0.2742,16.102,109.43,0.43,138.8
701,230,409160,229.79,landed_on_pad,1,35.37,0.05,0.2154,36.38,109.29,0.43,139.4
702,459,409619,214.44,landed_on_pad,1,72.36,0.05,0.1528,24.143,110.3,0.44,139.6
703,364,409983,212.18,landed_on_pad,1,51.3,0.05,0.2925,24.327,111.27,0.45,139.7
704,197,410180,236.53,landed_on_pad,1,30.33,0.05,0.2578,42.476,111.69,0.45,139.8
705,359,410539,212.34,landed_on_pad,1,54.9,0.05,0.19,25.671,111.5,0.45,139.9
706,1000,411539,-45.23,timeout,0,170.07,0.05,0.212,1.165,108.94,0.44,140.2
707,1000,412539,-54.34,timeout,0,169.71,0.05,0.2148,-0.819,106.12,0.43,140.6
708,324,412863,217.71,landed_on_pad,1,51.15,0.05,0.2445,23.348,106.94,0.44,140.7
709,339,413202,227.78,landed_on_pad,1,52.77,0.05,0.1935,28.927,107.06,0.44,140.8
710,1000,414202,-61.61,timeout,0,171.72,0.05,0.2587,-2.63,106.54,0.44,141.1
711,314,414516,217.67,landed_on_pad,1,47.55,0.05,0.2245,29.574,106.56,0.44,141.2
712,322,414838,227.31,landed_on_pad,1,49.47,0.05,0.2187,28.085,106.52,0.44,141.3
713,470,415308,70.75,landed_off_pad,0,76.68,0.05,0.2663,9.805,104.95,0.43,141.5
714,1000,416308,-47.69,timeout,0,171.21,0.05,0.1841,-0.23,103.18,0.43,141.8
715,831,417139,141.14,landed_on_pad,1,135.63,0.05,0.2031,4.701,102.69,0.43,142.1
716,329,417468,242.79,landed_on_pad,1,52.59,0.05,0.1483,28.307,102.87,0.43,142.2
717,292,417760,218.28,landed_on_pad,1,45.99,0.05,0.2366,30.061,103.8,0.44,142.3
718,260,418020,221.83,landed_on_pad,1,40.38,0.05,0.1954,32.905,103.74,0.44,142.4
719,413,418433,-364.77,crashed,0,75.93,0.05,0.2411,-2.881,100.49,0.44,142.5
720,455,418888,104.25,landed_off_pad,0,70.98,0.05,0.3082,14.281,101.9,0.44,142.7
721,632,419520,89.89,landed_off_pad,0,103.92,0.05,0.2917,7.394,103.21,0.44,142.9
722,265,419785,245.61,landed_on_pad,1,40.26,0.05,0.214,34.7,104.59,0.45,143.0
723,758,420543,77.08,landed_off_pad,0,122.01,0.05,0.2717,7.592,103.23,0.44,143.2
724,335,420878,225.8,landed_on_pad,1,51.6,0.05,0.1809,25.548,104.14,0.45,143.4
725,716,421594,161.77,landed_on_pad,1,116.91,0.05,0.259,6.11,104.44,0.46,143.6
726,452,422046,217.92,landed_on_pad,1,73.14,0.05,0.2266,19.251,105.82,0.47,143.7
727,302,422348,253.46,landed_on_pad,1,45.18,0.05,0.1963,33.276,106.76,0.47,143.8
728,354,422702,227.32,landed_on_pad,1,58.11,0.05,0.1645,21.711,107.35,0.47,144.0
729,256,422958,234.57,landed_on_pad,1,40.53,0.05,0.3046,35.242,107.32,0.47,144.1
730,365,423323,210.19,landed_on_pad,1,60.63,0.05,0.1653,19.867,108.34,0.48,144.2
731,345,423668,214.8,landed_on_pad,1,52.8,0.05,0.2449,21.175,108.25,0.48,144.3
732,325,423993,227.18,landed_on_pad,1,50.97,0.05,0.2022,28.295,110.23,0.49,144.4
733,322,424315,215.17,landed_on_pad,1,51.69,0.05,0.28,24.997,110.1,0.49,144.5
734,508,424823,215.38,landed_on_pad,1,81.9,0.05,0.2166,15.525,111.46,0.5,144.7
735,356,425179,206.57,landed_on_pad,1,54.87,0.05,0.2918,22.722,111.73,0.5,144.8
736,528,425707,201.22,landed_on_pad,1,86.28,0.05,0.3097,12.835,114.75,0.51,145.0
737,606,426313,174.58,landed_on_pad,1,98.94,0.05,0.2866,8.242,115.98,0.52,145.2
738,343,426656,237.83,landed_on_pad,1,54.39,0.05,0.2419,24.937,116.07,0.52,145.3
739,490,427146,206.68,landed_on_pad,1,79.5,0.05,0.2821,12.867,115.97,0.52,145.5
740,350,427496,232.01,landed_on_pad,1,54.81,0.05,0.2451,27.079,119.44,0.53,145.6
741,283,427779,237.3,landed_on_pad,1,43.11,0.05,0.1683,30.73,119.44,0.53,145.7
742,1000,428779,-44.78,timeout,0,171.51,0.05,0.2416,-2.325,117.22,0.52,146.0
743,375,429154,133.02,landed_off_pad,0,59.88,0.05,0.1762,22.09,117.54,0.52,146.2
744,249,429403,243.54,landed_on_pad,1,34.68,0.05,0.2809,37.167,118.88,0.53,146.2
745,412,429815,209.17,landed_on_pad,1,65.43,0.05,0.224,24.742,120.29,0.54,146.4
746,359,430174,143.1,landed_off_pad,0,54.75,0.05,0.2337,25.777,119.45,0.53,146.5
747,309,430483,231.13,landed_on_pad,1,47.37,0.05,0.3649,26.466,120.7,0.54,146.6
748,392,430875,119.47,landed_off_pad,0,62.67,0.05,0.2467,16.947,119.52,0.53,146.7
749,429,431304,215.53,landed_on_pad,1,67.86,0.05,0.175,21.083,119.53,0.53,146.9
750,393,431697,134.43,landed_off_pad,0,62.01,0.05,0.2365,19.717,121.19,0.53,147.0
751,527,432224,102.19,landed_off_pad,0,83.31,0.05,0.1841,14.261,120.72,0.53,147.6
752,247,432471,247.38,landed_on_pad,1,38.28,0.05,0.2653,36.24,123.5,0.54,147.7
753,307,432778,223.55,landed_on_pad,1,45.45,0.05,0.2261,29.963,126.23,0.55,147.8
754,260,433038,229.31,landed_on_pad,1,40.2,0.05,0.2308,36.309,126.14,0.55,147.9
755,594,433632,98.64,landed_off_pad,0,94.68,0.05,0.2726,11.022,124.94,0.54,148.1
756,487,434119,111.49,landed_off_pad,0,78.6,0.05,0.2627,13.899,125.75,0.54,148.2
757,321,434440,122.12,landed_off_pad,0,50.97,0.05,0.1828,21.886,125.07,0.53,148.4
758,231,434671,236.06,landed_on_pad,1,35.25,0.05,0.2464,36.367,125.12,0.53,148.4
759,234,434905,250.3,landed_on_pad,1,34.83,0.05,0.2678,36.713,126.13,0.54,148.5
760,479,435384,202.34,landed_on_pad,1,80.52,0.05,0.2316,20.033,128.71,0.55,148.7
761,440,435824,122.91,landed_off_pad,0,68.88,0.05,0.3227,19.506,130.1,0.55,148.8
762,400,436224,232.59,landed_on_pad,1,60.87,0.05,0.2383,23.922,131.27,0.56,148.9
763,370,436594,227.96,landed_on_pad,1,58.98,0.05,0.2052,28.958,132.23,0.57,149.1
764,400,436994,227.83,landed_on_pad,1,61.56,0.05,0.2327,22.883,135.03,0.58,149.2
765,212,437206,249.97,landed_on_pad,1,31.95,0.05,0.4062,44.082,137.76,0.59,149.3
766,345,437551,201.32,landed_on_pad,1,55.5,0.05,0.2557,20.432,140.51,0.6,149.4
767,283,437834,240.05,landed_on_pad,1,41.82,0.05,0.1846,31.353,143.34,0.61,149.5
768,261,438095,149.13,landed_off_pad,0,41.91,0.05,0.2378,29.675,142.55,0.6,149.6
769,252,438347,229.63,landed_on_pad,1,37.95,0.05,0.2767,32.075,144.96,0.61,149.7
770,356,438703,216.02,landed_on_pad,1,58.02,0.05,0.3598,20.237,147.6,0.62,149.8
771,250,438953,132.82,landed_off_pad,0,37.32,0.05,0.1905,30.113,149.07,0.62,149.9
772,394,439347,208.05,landed_on_pad,1,63.63,0.05,0.2355,18.107,151.76,0.63,150.0
773,268,439615,155.13,landed_off_pad,0,40.56,0.05,0.2018,33.326,151.96,0.63,150.1
774,455,440070,118.53,landed_off_pad,0,73.92,0.05,0.2621,14.114,153.59,0.63,150.2
775,423,440493,215.19,landed_on_pad,1,66.78,0.05,0.359,22.526,156.11,0.64,150.4
776,518,441011,197.96,landed_on_pad,1,81.15,0.05,0.2881,12.029,158.41,0.65,150.6
777,359,441370,232.12,landed_on_pad,1,57.0,0.05,0.2678,24.16,161.42,0.66,150.7
778,379,441749,216.33,landed_on_pad,1,60.75,0.05,0.2608,19.611,164.35,0.67,150.8
779,602,442351,181.58,landed_on_pad,1,93.84,0.05,0.1907,12.701,164.04,0.67,151.0
780,364,442715,138.56,landed_off_pad,0,57.63,0.05,0.3078,23.602,166.04,0.67,151.1
781,284,442999,149.39,landed_off_pad,0,43.56,0.05,0.2215,28.479,165.22,0.66,151.2
782,237,443236,234.22,landed_on_pad,1,35.28,0.05,0.3194,36.01,165.24,0.66,151.3
783,254,443490,139.15,landed_off_pad,0,36.69,0.05,0.3012,34.379,164.76,0.65,151.4
784,754,444244,160.74,landed_on_pad,1,125.28,0.05,0.291,5.485,165.04,0.66,151.6
785,432,444676,231.07,landed_on_pad,1,66.03,0.05,0.2675,22.21,167.78,0.67,151.8
786,329,445005,136.02,landed_off_pad,0,50.79,0.05,0.2098,22.457,168.52,0.67,151.9
787,286,445291,242.25,landed_on_pad,1,43.86,0.05,0.2137,34.319,169.56,0.68,152.0
788,551,445842,98.99,landed_off_pad,0,90.09,0.05,0.2566,11.173,168.33,0.67,152.2
789,266,446108,158.47,landed_off_pad,0,40.95,0.05,0.2156,31.357,167.72,0.66,152.3
790,375,446483,131.78,landed_off_pad,0,55.83,0.05,0.1874,24.698,166.87,0.65,152.4
791,268,446751,245.33,landed_on_pad,1,42.6,0.05,0.2151,32.677,169.78,0.66,152.5
792,387,447138,226.33,landed_on_pad,1,63.72,0.05,0.2067,19.946,169.79,0.66,152.6
793,243,447381,239.21,landed_on_pad,1,38.64,0.05,0.2372,32.926,170.02,0.66,152.7
794,421,447802,201.68,landed_on_pad,1,65.88,0.05,0.2122,16.979,169.97,0.66,152.8
795,453,448255,116.35,landed_off_pad,0,71.73,0.05,0.3385,16.981,168.98,0.65,153.0
796,388,448643,113.09,landed_off_pad,0,58.11,0.05,0.2435,20.068,170.08,0.65,153.1
797,439,449082,228.18,landed_on_pad,1,70.44,0.05,0.2851,20.513,172.99,0.66,153.2
798,353,449435,217.79,landed_on_pad,1,55.5,0.05,0.2284,21.774,174.37,0.67,153.4
799,255,449690,229.53,landed_on_pad,1,38.22,0.05,0.3457,35.897,174.41,0.67,153.5
800,297,449987,242.45,landed_on_pad,1,47.28,0.05,0.2238,27.968,175.77,0.68,153.5
801,1000,450987,-45.43,timeout,0,171.99,0.05,0.2626,-2.925,173.02,0.67,154.3
802,323,451310,218.75,landed_on_pad,1,51.9,0.05,0.1502,23.052,173.06,0.67,154.4
803,778,452088,162.41,landed_on_pad,1,125.85,0.05,0.2134,7.618,172.57,0.67,154.7
804,306,452394,211.33,landed_on_pad,1,47.97,0.05,0.2737,22.573,172.31,0.67,154.8
805,452,452846,202.62,landed_on_pad,1,73.83,0.05,0.3508,12.445,172.22,0.67,154.9
806,284,453130,239.41,landed_on_pad,1,44.22,0.05,0.2134,29.91,175.06,0.68,155.0
807,281,453411,253.04,landed_on_pad,1,45.57,0.05,0.233,28.946,178.14,0.69,155.1
808,517,453928,172.35,landed_on_pad,1,85.26,0.05,0.2895,10.298,177.68,0.69,155.3
809,244,454172,137.64,landed_off_pad,0,36.72,0.05,0.3206,31.863,176.78,0.68,155.4
810,275,454447,236.1,landed_on_pad,1,43.26,0.05,0.1197,29.023,179.76,0.69,155.5
811,301,454748,208.85,landed_on_pad,1,47.28,0.05,0.2874,26.854,179.67,0.69,155.6
812,441,455189,192.26,landed_on_pad,1,69.84,0.05,0.2014,13.477,179.32,0.69,155.7
813,231,455420,244.99,landed_on_pad,1,35.4,0.05,0.2291,38.222,181.06,0.7,155.8
814,307,455727,227.69,landed_on_pad,1,49.47,0.05,0.2051,25.496,183.82,0.71,155.9
815,354,456081,124.55,landed_off_pad,0,54.9,0.05,0.3307,19.846,183.65,0.7,156.0
816,269,456350,238.85,landed_on_pad,1,38.52,0.05,0.3196,33.784,183.61,0.7,156.1
817,216,456566,242.89,landed_on_pad,1,31.02,0.05,0.2312,45.695,183.86,0.7,156.2
818,274,456840,138.83,landed_off_pad,0,36.72,0.05,0.2858,31.161,183.03,0.69,156.3
819,211,457051,276.82,landed_on_pad,1,26.7,0.05,0.2152,24.698,189.44,0.7,156.3
820,570,457621,120.59,landed_off_pad,0,90.81,0.05,0.2966,11.104,189.61,0.7,156.5
821,385,458006,210.03,landed_on_pad,1,61.89,0.05,0.2276,16.851,190.81,0.71,156.7
822,238,458244,216.3,landed_on_pad,1,37.47,0.05,0.3187,36.194,190.51,0.71,156.7
823,484,458728,192.56,landed_on_pad,1,76.23,0.05,0.2248,14.898,191.67,0.72,156.9
824,396,459124,221.36,landed_on_pad,1,60.15,0.05,0.2978,17.986,191.62,0.72,157.1
825,288,459412,249.81,landed_on_pad,1,45.54,0.05,0.2137,32.937,192.5,0.72,157.2
826,298,459710,235.24,landed_on_pad,1,44.73,0.05,0.2093,29.472,192.68,0.72,157.3
827,1000,460710,-49.06,timeout,0,170.61,0.05,0.2533,-0.723,189.65,0.71,157.6
828,591,461301,84.2,landed_off_pad,0,95.58,0.05,0.2147,7.465,188.22,0.7,157.8
829,263,461564,153.69,landed_off_pad,0,38.97,0.05,0.3007,32.863,187.41,0.69,157.9
830,275,461839,155.65,landed_off_pad,0,37.62,0.05,0.2779,35.468,186.87,0.68,158.0
831,1000,462839,-5.72,timeout,0,170.34,0.05,0.2262,-1.286,184.66,0.67,158.3
832,897,463736,52.96,landed_off_pad,0,147.72,0.05,0.3669,3.992,182.92,0.66,158.6
833,518,464254,117.33,landed_off_pad,0,81.24,0.05,0.2687,14.228,181.94,0.65,158.8
834,227,464481,255.77,landed_on_pad,1,33.09,0.05,0.2119,40.116,182.35,0.65,158.9
835,273,464754,245.69,landed_on_pad,1,43.26,0.05,0.1517,30.296,182.74,0.65,159.0
836,178,464932,272.17,landed_on_pad,1,25.38,0.05,0.2783,53.954,183.45,0.65,159.0
837,374,465306,234.09,landed_on_pad,1,55.92,0.05,0.2373,25.78,184.04,0.65,159.2
838,1000,466306,-27.52,timeout,0,172.83,0.05,0.2455,-3.102,181.39,0.64,159.5
839,294,466600,220.78,landed_on_pad,1,44.52,0.05,0.2341,28.613,181.53,0.64,159.6
840,294,466894,225.72,landed_on_pad,1,46.59,0.05,0.2317,25.19,181.47,0.64,159.7
841,330,467224,123.5,landed_off_pad,0,53.25,0.05,0.2748,21.025,180.33,0.63,159.8
842,256,467480,238.53,landed_on_pad,1,40.17,0.05,0.2006,32.236,183.16,0.64,159.9
843,345,467825,234.9,landed_on_pad,1,53.79,0.05,0.3242,26.258,184.18,0.65,160.0
844,307,468132,222.64,landed_on_pad,1,48.81,0.05,0.2395,25.634,183.97,0.65,160.1
845,368,468500,205.05,landed_on_pad,1,58.56,0.05,0.2264,17.61,183.93,0.65,160.2
846,386,468886,211.17,landed_on_pad,1,59.7,0.05,0.3674,18.029,184.61,0.66,160.4
847,352,469238,240.86,landed_on_pad,1,50.64,0.05,0.3088,25.99,184.71,0.66,160.5
848,343,469581,214.25,landed_on_pad,1,51.24,0.05,0.2103,23.083,185.66,0.67,160.6
849,1000,470581,-22.39,timeout,0,171.96,0.05,0.291,-1.343,183.28,0.66,160.9
850,270,470851,219.86,landed_on_pad,1,37.74,0.05,0.3206,29.334,184.13,0.67,161.0
851,366,471217,225.08,landed_on_pad,1,57.06,0.05,0.2791,24.165,185.36,0.68,161.7
852,363,471580,141.94,landed_off_pad,0,53.88,0.05,0.3962,25.317,184.31,0.67,161.8
853,450,472030,121.88,landed_off_pad,0,73.86,0.05,0.1696,13.905,183.29,0.66,161.9
854,452,472482,100.12,landed_off_pad,0,69.87,0.05,0.3369,12.737,182.0,0.65,162.1
855,274,472756,257.38,landed_on_pad,1,44.16,0.05,0.2227,31.511,183.58,0.66,162.2
856,371,473127,220.88,landed_on_pad,1,60.03,0.05,0.3787,18.36,184.68,0.67,162.3
857,264,473391,242.51,landed_on_pad,1,38.73,0.05,0.2112,32.971,185.88,0.68,162.4
858,1000,474391,-25.94,timeout,0,171.6,0.05,0.283,-2.403,183.26,0.67,162.7
859,311,474702,240.48,landed_on_pad,1,47.31,0.05,0.3178,26.952,183.16,0.67,162.8
860,515,475217,101.24,landed_off_pad,0,84.0,0.05,0.4027,11.791,182.15,0.66,163.0
861,661,475878,168.74,landed_on_pad,1,110.31,0.05,0.2864,7.205,182.61,0.67,163.2
862,328,476206,233.98,landed_on_pad,1,50.28,0.05,0.3186,25.1,182.62,0.67,163.3
863,385,476591,139.95,landed_off_pad,0,61.02,0.05,0.2075,22.027,181.74,0.66,163.5
864,868,477459,53.18,landed_off_pad,0,139.2,0.05,0.2695,4.228,180.0,0.65,163.8
865,256,477715,231.0,landed_on_pad,1,38.88,0.05,0.1655,32.135,179.81,0.65,163.9
866,299,478014,251.4,landed_on_pad,1,45.21,0.05,0.2839,29.06,180.31,0.65,164.0
867,244,478258,239.54,landed_on_pad,1,36.75,0.05,0.4181,36.252,180.3,0.65,164.0
868,397,478655,121.07,landed_off_pad,0,65.19,0.05,0.2502,16.732,180.02,0.65,164.2
869,245,478900,252.96,landed_on_pad,1,33.96,0.05,0.3981,36.8,180.26,0.65,164.2
870,228,479128,258.15,landed_on_pad,1,34.26,0.05,0.287,41.367,180.68,0.65,164.3
871,1000,480128,-0.33,timeout,0,172.14,0.05,0.3029,-1.179,179.35,0.65,164.7
872,284,480412,138.55,landed_off_pad,0,43.59,0.05,0.3744,26.552,178.65,0.64,164.8
873,257,480669,238.62,landed_on_pad,1,38.01,0.05,0.3142,36.718,179.49,0.65,164.9
874,375,481044,148.24,landed_off_pad,0,59.37,0.05,0.2469,20.61,179.78,0.65,165.0
875,294,481338,223.65,landed_on_pad,1,46.44,0.05,0.2357,26.518,179.87,0.65,165.1
876,403,481741,210.06,landed_on_pad,1,59.94,0.05,0.3329,22.109,179.99,0.65,165.2
877,255,481996,232.57,landed_on_pad,1,39.0,0.05,0.2294,33.337,179.99,0.65,165.3
878,774,482770,139.58,landed_on_pad,1,126.21,0.05,0.33,1.925,179.23,0.65,165.6
879,200,482970,225.6,landed_on_pad,1,28.86,0.05,0.1757,43.533,179.67,0.65,165.6
880,259,483229,245.98,landed_on_pad,1,40.95,0.05,0.2687,32.003,180.74,0.66,165.7
881,773,484002,170.38,landed_on_pad,1,127.56,0.05,0.2769,2.997,180.95,0.67,166.0
882,307,484309,228.71,landed_on_pad,1,48.63,0.05,0.2704,25.589,180.9,0.67,166.1
883,389,484698,209.13,landed_on_pad,1,62.64,0.05,0.2605,20.106,181.59,0.68,166.2
884,432,485130,222.67,landed_on_pad,1,70.26,0.05,0.2711,19.357,182.21,0.68,166.4
885,442,485572,203.18,landed_on_pad,1,71.43,0.05,0.2321,19.125,181.94,0.68,166.5
886,424,485996,142.0,landed_off_pad,0,65.22,0.05,0.3101,19.475,182.0,0.68,166.6
887,474,486470,207.11,landed_on_pad,1,76.92,0.05,0.2944,12.294,181.64,0.68,166.8
888,342,486812,131.4,landed_off_pad,0,54.93,0.05,0.2545,21.546,181.97,0.68,166.9
889,265,487077,234.27,landed_on_pad,1,32.94,0.05,0.2263,36.479,182.73,0.69,167.0
890,298,487375,240.06,landed_on_pad,1,45.9,0.05,0.2896,30.938,183.81,0.7,167.1
891,363,487738,149.49,landed_off_pad,0,58.62,0.05,0.2925,23.259,182.85,0.69,167.2
892,390,488128,126.37,landed_off_pad,0,61.77,0.05,0.3039,18.107,181.85,0.68,167.4
893,227,488355,239.94,landed_on_pad,1,35.25,0.05,0.1451,37.207,181.86,0.68,167.4
894,372,488727,226.03,landed_on_pad,1,59.4,0.05,0.2293,21.895,182.1,0.68,167.6
895,573,489300,111.65,landed_off_pad,0,89.46,0.05,0.2638,11.213,182.05,0.68,167.8
896,1000,490300,-7.78,timeout,0,171.36,0.05,0.2971,-1.207,180.85,0.68,168.1
897,335,490635,217.0,landed_on_pad,1,50.52,0.05,0.403,24.51,180.73,0.68,168.2
898,464,491099,228.64,landed_on_pad,1,73.71,0.05,0.3983,19.176,180.84,0.68,168.4
899,265,491364,245.82,landed_on_pad,1,42.03,0.05,0.3901,33.319,181.01,0.68,168.5
900,301,491665,235.52,landed_on_pad,1,46.56,0.05,0.2844,26.166,180.94,0.68,168.6
901,297,491962,242.55,landed_on_pad,1,46.05,0.05,0.4387,29.832,183.82,0.69,169.1
902,476,492438,209.26,landed_on_pad,1,70.41,0.05,0.3102,19.548,183.72,0.69,169.2
903,320,492758,233.09,landed_on_pad,1,44.52,0.05,0.3337,30.296,184.43,0.69,169.3
904,345,493103,212.76,landed_on_pad,1,54.39,0.05,0.4085,21.683,184.44,0.69,169.5
905,297,493400,210.88,landed_on_pad,1,45.09,0.05,0.36,27.767,184.52,0.69,169.6
906,284,493684,253.55,landed_on_pad,1,39.18,0.05,0.302,31.488,184.67,0.69,169.7
907,216,493900,265.04,landed_on_pad,1,32.91,0.05,0.2747,43.21,184.79,0.69,169.7
908,394,494294,131.73,landed_off_pad,0,64.17,0.05,0.2916,18.411,184.38,0.68,169.9
909,280,494574,216.87,landed_on_pad,1,45.09,0.05,0.2674,30.117,185.17,0.69,170.0
910,479,495053,187.31,landed_on_pad,1,77.19,0.05,0.2569,11.989,184.68,0.69,170.1
911,293,495346,250.36,landed_on_pad,1,46.56,0.05,0.3018,29.024,185.1,0.69,170.2
912,219,495565,239.13,landed_on_pad,1,33.78,0.05,0.4203,36.282,185.57,0.69,170.3
913,290,495855,251.09,landed_on_pad,1,37.08,0.05,0.3437,33.964,185.63,0.69,170.4
914,275,496130,232.23,landed_on_pad,1,38.94,0.05,0.2475,30.039,185.67,0.69,170.5
915,262,496392,241.35,landed_on_pad,1,39.03,0.05,0.2174,33.995,186.84,0.7,170.6
916,577,496969,92.73,landed_off_pad,0,95.13,0.05,0.3144,5.612,185.38,0.69,170.8
917,308,497277,217.04,landed_on_pad,1,48.33,0.05,0.3839,23.67,185.12,0.69,170.9
918,268,497545,237.92,landed_on_pad,1,40.2,0.05,0.5156,31.28,186.11,0.7,171.0
919,562,498107,184.69,landed_on_pad,1,92.4,0.05,0.3387,8.8,185.19,0.7,171.2
920,375,498482,223.17,landed_on_pad,1,58.65,0.05,0.3752,23.563,186.22,0.71,171.4
921,386,498868,219.0,landed_on_pad,1,61.08,0.05,0.3101,20.655,186.31,0.71,171.5
922,272,499140,252.08,landed_on_pad,1,42.66,0.05,0.4455,31.454,186.67,0.71,171.6
923,1000,500140,-89.99,timeout,0,169.8,0.05,0.3832,-2.954,183.84,0.7,172.0
924,980,501120,128.09,landed_on_pad,1,160.26,0.05,0.29,-0.362,182.91,0.7,172.3
925,426,501546,211.46,landed_on_pad,1,67.71,0.05,0.3155,18.622,182.52,0.7,172.5
926,505,502051,101.39,landed_off_pad,0,81.72,0.05,0.2878,12.092,181.19,0.69,172.6
927,252,502303,239.43,landed_on_pad,1,38.82,0.05,0.3135,32.792,184.07,0.7,172.7
928,374,502677,212.98,landed_on_pad,1,58.14,0.05,0.3007,22.855,185.36,0.71,172.8
929,1000,503677,-9.77,timeout,0,171.33,0.05,0.3898,-0.552,183.72,0.71,173.2
930,413,504090,138.3,landed_off_pad,0,64.47,0.05,0.362,21.401,183.55,0.71,173.3
931,301,504391,231.3,landed_on_pad,1,49.29,0.05,0.3194,24.504,185.92,0.72,173.5
932,555,504946,84.11,landed_off_pad,0,90.72,0.05,0.3126,10.456,186.23,0.72,173.6
933,276,505222,230.16,landed_on_pad,1,43.08,0.05,0.3138,31.124,187.36,0.73,173.7
934,297,505519,231.36,landed_on_pad,1,43.02,0.05,0.3211,27.468,187.12,0.73,173.8
935,189,505708,271.75,landed_on_pad,1,27.45,0.05,0.6369,48.807,187.38,0.73,173.9
936,449,506157,126.74,landed_off_pad,0,68.46,0.05,0.283,19.588,185.92,0.72,174.1
937,245,506402,235.62,landed_on_pad,1,38.1,0.05,0.3201,34.714,185.94,0.72,174.2
938,282,506684,229.16,landed_on_pad,1,43.65,0.05,0.2769,29.831,188.5,0.73,174.3
939,593,507277,165.23,landed_on_pad,1,96.57,0.05,0.2701,6.25,187.95,0.73,174.5
940,428,507705,219.47,landed_on_pad,1,68.16,0.05,0.3094,20.718,187.89,0.73,174.6
941,226,507931,137.02,landed_off_pad,0,33.36,0.05,0.3694,34.799,188.02,0.73,174.7
942,293,508224,249.75,landed_on_pad,1,41.79,0.05,0.4313,33.564,188.13,0.73,174.8
943,1000,509224,-21.35,timeout,0,172.86,0.05,0.3359,-1.774,185.57,0.72,175.2
944,376,509600,217.89,landed_on_pad,1,59.16,0.05,0.3479,23.78,185.52,0.72,175.3
945,1000,510600,6.85,timeout,0,167.67,0.05,0.3157,-1.327,183.54,0.71,175.6
946,404,511004,137.31,landed_off_pad,0,62.58,0.05,0.2707,27.95,182.8,0.7,175.8
947,1000,512004,-10.54,timeout,0,171.42,0.05,0.2896,-1.098,180.29,0.69,176.1
948,306,512310,213.94,landed_on_pad,1,45.99,0.05,0.3259,31.152,180.29,0.69,176.2
949,849,513159,143.79,landed_on_pad,1,139.5,0.05,0.3836,2.187,181.95,0.7,176.5
950,434,513593,223.99,landed_on_pad,1,65.46,0.05,0.2636,21.264,181.99,0.7,176.7
951,577,514170,180.81,landed_on_pad,1,94.83,0.05,0.3581,9.031,181.55,0.7,177.2
952,380,514550,148.47,landed_off_pad,0,57.18,0.05,0.4535,23.199,181.61,0.7,177.3
953,423,514973,138.21,landed_off_pad,0,69.3,0.05,0.2612,19.4,181.77,0.7,177.5
954,464,515437,225.77,landed_on_pad,1,75.42,0.05,0.4193,21.26,183.03,0.71,177.6
955,344,515781,213.56,landed_on_pad,1,52.47,0.05,0.4444,26.128,182.59,0.71,177.7
956,246,516027,255.95,landed_on_pad,1,37.95,0.05,0.3455,38.379,182.94,0.71,177.8
957,243,516270,249.6,landed_on_pad,1,37.41,0.05,0.3627,35.537,183.01,0.71,177.9
958,247,516517,244.71,landed_on_pad,1,38.79,0.05,0.3083,35.238,185.72,0.72,178.0
959,360,516877,231.05,landed_on_pad,1,57.48,0.05,0.2194,24.001,185.63,0.72,178.1
960,430,517307,208.29,landed_on_pad,1,68.79,0.05,0.1852,18.161,186.7,0.73,178.3
961,408,517715,214.52,landed_on_pad,1,65.73,0.05,0.4195,21.886,187.16,0.73,178.4
962,399,518114,200.27,landed_on_pad,1,57.33,0.05,0.3563,20.535,186.82,0.73,178.6
963,292,518406,228.34,landed_on_pad,1,43.38,0.05,0.3923,28.306,187.7,0.74,178.7
964,1000,519406,-18.59,timeout,0,171.72,0.05,0.3448,-2.226,186.98,0.74,179.0
965,282,519688,237.29,landed_on_pad,1,42.51,0.05,0.2605,29.939,187.05,0.74,179.1
966,528,520216,112.16,landed_off_pad,0,85.83,0.05,0.3118,10.613,185.65,0.73,179.3
967,247,520463,246.29,landed_on_pad,1,36.99,0.05,0.3559,36.459,185.72,0.73,179.4
968,267,520730,223.67,landed_on_pad,1,40.5,0.05,0.3794,33.558,186.75,0.74,179.5
969,304,521034,127.04,landed_off_pad,0,47.76,0.05,0.3438,27.28,185.49,0.73,179.6
970,479,521513,197.67,landed_on_pad,1,77.97,0.05,0.259,11.083,184.88,0.73,179.7
971,180,521693,245.93,landed_on_pad,1,26.1,0.05,0.226,54.403,187.35,0.74,179.8
972,326,522019,133.07,landed_off_pad,0,52.14,0.05,0.2704,24.071,187.29,0.74,179.9
973,391,522410,137.46,landed_off_pad,0,62.25,0.05,0.325,22.462,186.28,0.73,180.1
974,296,522706,134.58,landed_off_pad,0,46.11,0.05,0.3288,27.013,186.14,0.73,180.2
975,380,523086,243.23,landed_on_pad,1,60.36,0.05,0.3176,25.98,186.34,0.73,180.3
976,465,523551,104.03,landed_off_pad,0,75.93,0.05,0.2375,14.636,185.28,0.72,180.4
977,250,523801,267.56,landed_on_pad,1,38.61,0.05,0.2429,36.217,185.63,0.72,180.5
978,266,524067,236.83,landed_on_pad,1,41.94,0.05,0.2895,33.679,186.6,0.72,180.6
979,980,525047,121.55,landed_on_pad,1,162.39,0.05,0.2727,-0.103,185.56,0.72,181.0
980,347,525394,125.31,landed_off_pad,0,54.99,0.05,0.2875,21.18,184.35,0.71,181.1
981,446,525840,218.71,landed_on_pad,1,67.8,0.05,0.2389,20.178,184.84,0.71,181.2
982,202,526042,232.55,landed_on_pad,1,29.07,0.05,0.2137,40.876,184.88,0.71,181.3
983,263,526305,248.09,landed_on_pad,1,40.8,0.05,0.3115,30.603,185.27,0.71,181.4
984,180,526485,257.23,landed_on_pad,1,26.67,0.05,0.3311,51.154,185.61,0.71,181.5
985,626,527111,159.63,landed_on_pad,1,101.58,0.05,0.3081,6.552,185.18,0.71,181.7
986,176,527287,259.35,landed_on_pad,1,24.27,0.05,0.2238,56.353,186.35,0.72,181.7
987,622,527909,89.38,landed_off_pad,0,102.15,0.05,0.2484,7.887,185.17,0.71,181.9
988,323,528232,143.09,landed_off_pad,0,49.56,0.05,0.3327,28.642,185.29,0.71,182.1
989,300,528532,131.17,landed_off_pad,0,45.12,0.05,0.2467,31.858,184.26,0.7,182.2
990,302,528834,143.43,landed_off_pad,0,48.36,0.05,0.2816,31.139,183.29,0.69,182.3
991,399,529233,120.35,landed_off_pad,0,63.96,0.05,0.3522,17.633,183.0,0.69,182.5
992,244,529477,242.59,landed_on_pad,1,36.72,0.05,0.2279,36.292,184.16,0.7,182.5
993,338,529815,208.94,landed_on_pad,1,51.93,0.05,0.3845,24.283,183.85,0.7,182.7
994,345,530160,134.39,landed_off_pad,0,52.74,0.05,0.378,27.848,182.94,0.69,182.8
995,229,530389,228.49,landed_on_pad,1,33.87,0.05,0.2527,38.237,184.1,0.7,182.8
996,354,530743,240.12,landed_on_pad,1,55.53,0.05,0.2606,30.623,186.58,0.71,183.0
997,460,531203,126.25,landed_off_pad,0,73.59,0.05,0.31,14.357,185.68,0.7,183.1
998,202,531405,234.25,landed_on_pad,1,31.35,0.05,0.2633,41.73,185.73,0.7,183.2
999,256,531661,261.13,landed_on_pad,1,38.7,0.05,0.3881,37.082,185.89,0.7,183.3
1000,279,531940,229.37,landed_on_pad,1,41.7,0.05,0.2854,32.979,185.82,0.7,183.4
